author,title,,"slug, itemdesc","title, regel1",,"summary, =title","content, regel2",publishedat,"comment,regel 3-9",,,,
0116,TITLE 10,10,Slug for item 0116, - Materiaal verzamelen vlgs. de stuklijst,1, - Materiaal verzamelen vlgs. de stuklijst,FALSE,20-01-19 0:00, - Materiaal verzamelen vlgs. de stuklijst,,,,
0116,TITLE 10,10,Slug for item 0116,FALSE,2, - Verpakken in de tas en aan de buitenzijde, - Verpakken in de tas en aan de buitenzijde,20-01-19 0:00, - Verpakken in de tas en aan de buitenzijde,,,,
0116,TITLE 10,10,Slug for item 0116,FALSE,3,   produktsticker van de set plakken,FALSE,20-01-19 0:00,   produktsticker van de set plakken,,,,
0116,TITLE 20,20,Slug for item 0116, - Inhoud laten controleren door derden en,1, - Inhoud laten controleren door derden en,FALSE,20-01-19 0:00, - Inhoud laten controleren door derden en,,,,
0116,TITLE 20,20,Slug for item 0116,FALSE,2,   aftekenen op kwaliteitskontrole rapport,   aftekenen op kwaliteitskontrole rapport,20-01-19 0:00,   aftekenen op kwaliteitskontrole rapport,,,,
0116,vraag aan user,30,Slug for item 0116, - Sla de produkten op in de juiste stelling,1, - Sla de produkten op in de juiste stelling,FALSE,20-01-19 0:00, - Sla de produkten op in de juiste stelling,,,,
0116,vraag aan user,30,Slug for item 0116,FALSE,2,   (First-in/first-out).,   (First-in/first-out).,20-01-19 0:00,   (First-in/first-out).,,,,
0403,TITLE 20,20,Slug for item 0403, - Pos 6 en 7 : Zagen vlgs. stuklijst,1, - Pos 6 en 7 : Zagen vlgs. stuklijst,FALSE,20-01-19 0:00, - Pos 6 en 7 : Zagen vlgs. stuklijst,,,,
0403,TITLE 20,20,Slug for item 0403,FALSE,2, - Pos 1 : Zagen vlgs. tekening, - Pos 1 : Zagen vlgs. tekening,20-01-19 0:00, - Pos 1 : Zagen vlgs. tekening,,,,
0403,TITLE 20,20,Slug for item 0403,FALSE,3, - Pos 3 : Lengte meegeven tbv. afsteken,FALSE,20-01-19 0:00, - Pos 3 : Lengte meegeven tbv. afsteken,,,,
0403,TITLE 20,20,Slug for item 0403,FALSE,4, - Pos 10 : Bestellen LOC,FALSE,20-01-19 0:00, - Pos 10 : Bestellen LOC,,,,
0403,vraag aan user,30,Slug for item 0403, - Pos 1 : Vlakken, boren en tappen M10 en,1, - Pos 1 : Vlakken, boren en tappen M10 en,FALSE,20-01-19 0:00, - Pos 1 : Vlakken, boren en tappen M10 en,,,,
0403,vraag aan user,30,Slug for item 0403,FALSE,2,   maatgroefje steken,   maatgroefje steken,20-01-19 0:00,   maatgroefje steken,,,,
0403,vraag aan user,30,Slug for item 0403,FALSE,3, - Pos 3 : Draaien en afsteken,FALSE,20-01-19 0:00, - Pos 3 : Draaien en afsteken,,,,
0403,vraag aan user,30,Slug for item 0403,FALSE,4, - Pos 7 : Revet draaien, draadsnijden en,FALSE,20-01-19 0:00, - Pos 7 : Revet draaien, draadsnijden en,,,,
0403,vraag aan user,30,Slug for item 0403,FALSE,5,   maatverdeling steken,FALSE,20-01-19 0:00,   maatverdeling steken,,,,
0403,vraag aan user,40,Slug for item 0403, - Sleutelvlakken frezen en schuren,1, - Sleutelvlakken frezen en schuren,FALSE,20-01-19 0:00, - Sleutelvlakken frezen en schuren,,,,
0403,vraag aan user,50,Slug for item 0403, - Gat diam. 15 boren mbv. trapboor diam. 7,5 x 15,1, - Gat diam. 15 boren mbv. trapboor diam. 7,5 x 15,FALSE,20-01-19 0:00, - Gat diam. 15 boren mbv. trapboor diam. 7,5 x 15,,,,
0403,vraag aan user,70,Slug for item 0403, - Hechten aan einde van Pos 1,1, - Hechten aan einde van Pos 1,FALSE,20-01-19 0:00, - Hechten aan einde van Pos 1,,,,
0403,vraag aan user,70,Slug for item 0403,FALSE,2, - Guts in bankschroef dichtdrukken, - Guts in bankschroef dichtdrukken,20-01-19 0:00, - Guts in bankschroef dichtdrukken,,,,
0403,vraag aan user,70,Slug for item 0403,FALSE,3, - Aflassen (Let op werkzame lengte !),FALSE,20-01-19 0:00, - Aflassen (Let op werkzame lengte !),,,,
0403,vraag aan user,90,Slug for item 0403, - Hardsolderen (zilver),1, - Hardsolderen (zilver),FALSE,20-01-19 0:00, - Hardsolderen (zilver),,,,
0403,vraag aan user,90,Slug for item 0403,FALSE,2,   - Steekkop verhitten tot kersrood,   - Steekkop verhitten tot kersrood,20-01-19 0:00,   - Steekkop verhitten tot kersrood,,,,
0403,vraag aan user,90,Slug for item 0403,FALSE,3,   - Harden in hardingsolie,FALSE,20-01-19 0:00,   - Harden in hardingsolie,,,,
0403,vraag aan user,100,Slug for item 0403, - Pos 6 : Afbramen,1, - Pos 6 : Afbramen,FALSE,20-01-19 0:00, - Pos 6 : Afbramen,,,,
0403,vraag aan user,105,Slug for item 0403, - Guts uitwendig schuren en inwendig ter plekke,1, - Guts uitwendig schuren en inwendig ter plekke,FALSE,20-01-19 0:00, - Guts uitwendig schuren en inwendig ter plekke,,,,
0403,vraag aan user,105,Slug for item 0403,FALSE,2,   van de las stralen.,   van de las stralen.,20-01-19 0:00,   van de las stralen.,,,,
0403,vraag aan user,105,Slug for item 0403,FALSE,3,   Stralen :,FALSE,20-01-19 0:00,   Stralen :,,,,
0403,vraag aan user,105,Slug for item 0403,FALSE,4,   - Glasparels wit eruit halen,FALSE,20-01-19 0:00,   - Glasparels wit eruit halen,,,,
0403,vraag aan user,105,Slug for item 0403,FALSE,5,   - Rode straalgrit erin doen,FALSE,20-01-19 0:00,   - Rode straalgrit erin doen,,,,
0403,vraag aan user,105,Slug for item 0403,FALSE,6,   - Na het stralen het rode grit eruit nemen en,FALSE,20-01-19 0:00,   - Na het stralen het rode grit eruit nemen en,,,,
0403,vraag aan user,105,Slug for item 0403,FALSE,7,     inwendig geheel uit kloppen en navegen met,FALSE,20-01-19 0:00,     inwendig geheel uit kloppen en navegen met,,,,
0403,vraag aan user,105,Slug for item 0403,FALSE,8,     handveger en de spuit+leiding met lucht,FALSE,20-01-19 0:00,     handveger en de spuit+leiding met lucht,,,,
0403,vraag aan user,105,Slug for item 0403,FALSE,9,     leegblazen.,FALSE,20-01-19 0:00,     leegblazen.,,,,
0403,vraag aan user,110,Slug for item 0403, - Naar verchromerij,1, - Naar verchromerij,FALSE,20-01-19 0:00, - Naar verchromerij,,,,
0403,vraag aan user,110,Slug for item 0403,FALSE,2,   - Laagdikte: 20um,   - Laagdikte: 20um,20-01-19 0:00,   - Laagdikte: 20um,,,,
0403,vraag aan user,110,Slug for item 0403,FALSE,3,   - Pas op met beschadigen van onderzijde steekkop,FALSE,20-01-19 0:00,   - Pas op met beschadigen van onderzijde steekkop,,,,
0403,vraag aan user,130,Slug for item 0403, - Lassen van kruk aan steel, denk aan stand tov.,1, - Lassen van kruk aan steel, denk aan stand tov.,FALSE,20-01-19 0:00, - Lassen van kruk aan steel, denk aan stand tov.,,,,
0403,vraag aan user,130,Slug for item 0403,FALSE,2,   guts + afwerken,   guts + afwerken,20-01-19 0:00,   guts + afwerken,,,,
0403,vraag aan user,140,Slug for item 0403, - Omsteekdop plaatsen,1, - Omsteekdop plaatsen,FALSE,20-01-19 0:00, - Omsteekdop plaatsen,,,,
0403,vraag aan user,140,Slug for item 0403,FALSE,2, - Handvatten plaatsen, - Handvatten plaatsen,20-01-19 0:00, - Handvatten plaatsen,,,,
0403,vraag aan user,140,Slug for item 0403,FALSE,3, - Pos 8 en 10 : Sticker opplakken,FALSE,20-01-19 0:00, - Pos 8 en 10 : Sticker opplakken,,,,
0403,vraag aan user,150,Slug for item 0403, - Inspektienivo : I,1, - Inspektienivo : I,FALSE,20-01-19 0:00, - Inspektienivo : I,,,,
0409,TITLE 10,10,Slug for item 0409, - Materiaal verzamelen vlgs. stuklijst,1, - Materiaal verzamelen vlgs. stuklijst,FALSE,20-01-19 0:00, - Materiaal verzamelen vlgs. stuklijst,,,,
0409,TITLE 10,10,Slug for item 0409,FALSE,2, - Goederen in kist plaatsen, - Goederen in kist plaatsen,20-01-19 0:00, - Goederen in kist plaatsen,,,,
0409,TITLE 10,10,Slug for item 0409,FALSE,3, - Kist in A1 doos (50.93.00.00.6) verpakken,FALSE,20-01-19 0:00, - Kist in A1 doos (50.93.00.00.6) verpakken,,,,
0409,TITLE 10,10,Slug for item 0409,FALSE,4, - De artikelsticker op de kopse kant plakken,FALSE,20-01-19 0:00, - De artikelsticker op de kopse kant plakken,,,,
0409,TITLE 20,20,Slug for item 0409, - Inhoud laten controleren door derden en,1, - Inhoud laten controleren door derden en,FALSE,20-01-19 0:00, - Inhoud laten controleren door derden en,,,,
0409,TITLE 20,20,Slug for item 0409,FALSE,2,   aftekenen op kwaliteitskontrole rapport,   aftekenen op kwaliteitskontrole rapport,20-01-19 0:00,   aftekenen op kwaliteitskontrole rapport,,,,
0409,vraag aan user,30,Slug for item 0409, - Sla de goederen op in de juiste stelling,1, - Sla de goederen op in de juiste stelling,FALSE,20-01-19 0:00, - Sla de goederen op in de juiste stelling,,,,
0409,vraag aan user,30,Slug for item 0409,FALSE,2,   (First-in/first-out).,   (First-in/first-out).,20-01-19 0:00,   (First-in/first-out).,,,,
0501,TITLE 20,20,Slug for item 0501, - Pos 5 : Knippen vlgs. stuklijst,1, - Pos 5 : Knippen vlgs. stuklijst,FALSE,20-01-19 0:00, - Pos 5 : Knippen vlgs. stuklijst,,,,
0501,TITLE 20,20,Slug for item 0501,FALSE,2, - Pos 2, 3, 4, 6, 7, en 9 : Zagen vlgs. stuklijst, - Pos 2, 3, 4, 6, 7, en 9 : Zagen vlgs. stuklijst,20-01-19 0:00, - Pos 2, 3, 4, 6, 7, en 9 : Zagen vlgs. stuklijst,,,,
0501,TITLE 20,20,Slug for item 0501,FALSE,3, - Pos 8 : Lengte meegeven tbv. steken,FALSE,20-01-19 0:00, - Pos 8 : Lengte meegeven tbv. steken,,,,
0501,vraag aan user,50,Slug for item 0501, - Pos 3 en 4 : Schroefdraad snijden mbv. snijplaat,1, - Pos 3 en 4 : Schroefdraad snijden mbv. snijplaat,FALSE,20-01-19 0:00, - Pos 3 en 4 : Schroefdraad snijden mbv. snijplaat,,,,
0501,vraag aan user,50,Slug for item 0501,FALSE,2, - Pos 6 : Draaien en draadsnijden, - Pos 6 : Draaien en draadsnijden,20-01-19 0:00, - Pos 6 : Draaien en draadsnijden,,,,
0501,vraag aan user,50,Slug for item 0501,FALSE,3, - Pos 7 : Op lengte vlakken,FALSE,20-01-19 0:00, - Pos 7 : Op lengte vlakken,,,,
0501,vraag aan user,50,Slug for item 0501,FALSE,4, - Pos 8 : Boren, draaien en afsteken,FALSE,20-01-19 0:00, - Pos 8 : Boren, draaien en afsteken,,,,
0501,vraag aan user,50,Slug for item 0501,FALSE,5, - Pos 9 : Draaien en tappen,FALSE,20-01-19 0:00, - Pos 9 : Draaien en tappen,,,,
0501,vraag aan user,60,Slug for item 0501, - Steel aan stamperplaat lassen,1, - Steel aan stamperplaat lassen,FALSE,20-01-19 0:00, - Steel aan stamperplaat lassen,,,,
0501,vraag aan user,70,Slug for item 0501, - Stamperplaat vlakken,1, - Stamperplaat vlakken,FALSE,20-01-19 0:00, - Stamperplaat vlakken,,,,
0501,vraag aan user,90,Slug for item 0501, - Pos 2 en 9 : Kruk aan draadprop lassen,1, - Pos 2 en 9 : Kruk aan draadprop lassen,FALSE,20-01-19 0:00, - Pos 2 en 9 : Kruk aan draadprop lassen,,,,
0501,vraag aan user,90,Slug for item 0501,FALSE,2, - Pos 4 en 10 : Kruisstuk aan steel lassen, - Pos 4 en 10 : Kruisstuk aan steel lassen,20-01-19 0:00, - Pos 4 en 10 : Kruisstuk aan steel lassen,,,,
0501,vraag aan user,90,Slug for item 0501,FALSE,3,   Maatverdeling lassen,FALSE,20-01-19 0:00,   Maatverdeling lassen,,,,
0501,vraag aan user,100,Slug for item 0501, - Pos 2/9, 3 en 4/10 : Delen naar verzinkerij,1, - Pos 2/9, 3 en 4/10 : Delen naar verzinkerij,FALSE,20-01-19 0:00, - Pos 2/9, 3 en 4/10 : Delen naar verzinkerij,,,,
0501,vraag aan user,115,Slug for item 0501, - Vertanding frezen 40x mbv. klemmal,1, - Vertanding frezen 40x mbv. klemmal,FALSE,20-01-19 0:00, - Vertanding frezen 40x mbv. klemmal,,,,
0501,vraag aan user,115,Slug for item 0501,FALSE,2,   Programma : 0101,   Programma : 0101,20-01-19 0:00,   Programma : 0101,,,,
0501,vraag aan user,120,Slug for item 0501, - Gat stanzen mbv. UP48x280 met nippel/snijplaat,1, - Gat stanzen mbv. UP48x280 met nippel/snijplaat,FALSE,20-01-19 0:00, - Gat stanzen mbv. UP48x280 met nippel/snijplaat,,,,
0501,vraag aan user,120,Slug for item 0501,FALSE,2,   diam. 17,5 en mal nr. 0501,   diam. 17,5 en mal nr. 0501,20-01-19 0:00,   diam. 17,5 en mal nr. 0501,,,,
0501,vraag aan user,130,Slug for item 0501, - Pos 3 en 12 : Kunststof dop inslaan en overgang,1, - Pos 3 en 12 : Kunststof dop inslaan en overgang,FALSE,20-01-19 0:00, - Pos 3 en 12 : Kunststof dop inslaan en overgang,,,,
0501,vraag aan user,130,Slug for item 0501,FALSE,2,   dop - metaal schuren,   dop - metaal schuren,20-01-19 0:00,   dop - metaal schuren,,,,
0501,vraag aan user,130,Slug for item 0501,FALSE,3,   Ontvetten met poetsdoek,FALSE,20-01-19 0:00,   Ontvetten met poetsdoek,,,,
0501,vraag aan user,130,Slug for item 0501,FALSE,4, - Pos 5 : Rond zetten mbv. mal,FALSE,20-01-19 0:00, - Pos 5 : Rond zetten mbv. mal,,,,
0501,vraag aan user,130,Slug for item 0501,FALSE,5, - Pos 7 : Afwerken (NIET rotofinishen) en om de,FALSE,20-01-19 0:00, - Pos 7 : Afwerken (NIET rotofinishen) en om de,,,,
0501,vraag aan user,130,Slug for item 0501,FALSE,6,   1 tand naar buiten richten mbv. klemmal 0501,FALSE,20-01-19 0:00,   1 tand naar buiten richten mbv. klemmal 0501,,,,
0501,vraag aan user,140,Slug for item 0501, - Beugel aan buis lassen (2 zijdig) mbv. lasmal,1, - Beugel aan buis lassen (2 zijdig) mbv. lasmal,FALSE,20-01-19 0:00, - Beugel aan buis lassen (2 zijdig) mbv. lasmal,,,,
0501,vraag aan user,140,Slug for item 0501,FALSE,2,   en afwerken,   en afwerken,20-01-19 0:00,   en afwerken,,,,
0501,vraag aan user,140,Slug for item 0501,FALSE,3,   LET OP aanstoot van de stamperplaat tegen de,FALSE,20-01-19 0:00,   LET OP aanstoot van de stamperplaat tegen de,,,,
0501,vraag aan user,140,Slug for item 0501,FALSE,4,   lassen,FALSE,20-01-19 0:00,   lassen,,,,
0501,vraag aan user,150,Slug for item 0501, - Steel aan beugel lassen,1, - Steel aan beugel lassen,FALSE,20-01-19 0:00, - Steel aan beugel lassen,,,,
0501,vraag aan user,160,Slug for item 0501, - Beugel schuren,1, - Beugel schuren,FALSE,20-01-19 0:00, - Beugel schuren,,,,
0501,vraag aan user,160,Slug for item 0501,FALSE,2, - Las geel bijspuiten, - Las geel bijspuiten,20-01-19 0:00, - Las geel bijspuiten,,,,
0501,vraag aan user,170,Slug for item 0501, - Geheel monteren,1, - Geheel monteren,FALSE,20-01-19 0:00, - Geheel monteren,,,,
0501,vraag aan user,170,Slug for item 0501,FALSE,2, - Pos 11 : Sticker plaatsen, - Pos 11 : Sticker plaatsen,20-01-19 0:00, - Pos 11 : Sticker plaatsen,,,,
0501,vraag aan user,170,Slug for item 0501,FALSE,3, - Pos 13 : Beschermkap voor snijrand plaatsen,FALSE,20-01-19 0:00, - Pos 13 : Beschermkap voor snijrand plaatsen,,,,
0501,vraag aan user,170,Slug for item 0501,FALSE,4, - Pos 1 en 3 : Krukjes fixeren met krimpfolie,FALSE,20-01-19 0:00, - Pos 1 en 3 : Krukjes fixeren met krimpfolie,,,,
0503,TITLE 10,10,Slug for item 0503, - Pos 2 : Zagen vlgs. stuklijst,1, - Pos 2 : Zagen vlgs. stuklijst,FALSE,20-01-19 0:00, - Pos 2 : Zagen vlgs. stuklijst,,,,
0503,TITLE 10,10,Slug for item 0503,FALSE,2, - Pos 3 : Stroken knippen 1000x70x2, - Pos 3 : Stroken knippen 1000x70x2,20-01-19 0:00, - Pos 3 : Stroken knippen 1000x70x2,,,,
0503,vraag aan user,30,Slug for item 0503, - Rotofinishen,1, - Rotofinishen,FALSE,20-01-19 0:00, - Rotofinishen,,,,
0503,vraag aan user,40,Slug for item 0503, - Pos 3 : Uitstanzen 59           UP 125x280,1, - Pos 3 : Uitstanzen 59           UP 125x280,FALSE,20-01-19 0:00, - Pos 3 : Uitstanzen 59           UP 125x280,,,,
0503,vraag aan user,40,Slug for item 0503,FALSE,2,   Uitstanzen 32 mbv. mal          UP 65x280,   Uitstanzen 32 mbv. mal          UP 65x280,20-01-19 0:00,   Uitstanzen 32 mbv. mal          UP 65x280,,,,
0503,vraag aan user,40,Slug for item 0503,FALSE,3, - Pos 2 : Rand omzetten,FALSE,20-01-19 0:00, - Pos 2 : Rand omzetten,,,,
0503,vraag aan user,60,Slug for item 0503, - Uitsparing inslijpen,1, - Uitsparing inslijpen,FALSE,20-01-19 0:00, - Uitsparing inslijpen,,,,
0503,vraag aan user,70,Slug for item 0503, - Bodemplaat aan bus lassen mbv. mal,1, - Bodemplaat aan bus lassen mbv. mal,FALSE,20-01-19 0:00, - Bodemplaat aan bus lassen mbv. mal,,,,
0503,vraag aan user,80,Slug for item 0503, - Steel aan bus hechtlassen mbv. RVS draad,1, - Steel aan bus hechtlassen mbv. RVS draad,FALSE,20-01-19 0:00, - Steel aan bus hechtlassen mbv. RVS draad,,,,
0503,vraag aan user,80,Slug for item 0503,FALSE,2,   dusdanig dat er geen doorbranding binnen,   dusdanig dat er geen doorbranding binnen,20-01-19 0:00,   dusdanig dat er geen doorbranding binnen,,,,
0503,vraag aan user,80,Slug for item 0503,FALSE,3,   in pos 2 is,FALSE,20-01-19 0:00,   in pos 2 is,,,,
0503,vraag aan user,90,Slug for item 0503, - Stralen,1, - Stralen,FALSE,20-01-19 0:00, - Stralen,,,,
0503,vraag aan user,90,Slug for item 0503,FALSE,2, - Logo etsen, - Logo etsen,20-01-19 0:00, - Logo etsen,,,,
0503,vraag aan user,100,Slug for item 0503, - Boorpijpje monteren,1, - Boorpijpje monteren,FALSE,20-01-19 0:00, - Boorpijpje monteren,,,,
0503,vraag aan user,100,Slug for item 0503,FALSE,2, - Omsteekdop plaatsen, - Omsteekdop plaatsen,20-01-19 0:00, - Omsteekdop plaatsen,,,,
0508,TITLE 10,10,Slug for item 0508, - Pos 1, 7 en 8 : Zagen vlgs. stuklijst,1, - Pos 1, 7 en 8 : Zagen vlgs. stuklijst,FALSE,20-01-19 0:00, - Pos 1, 7 en 8 : Zagen vlgs. stuklijst,,,,
0508,TITLE 10,10,Slug for item 0508,FALSE,2, - Pos 3 en 12 : Knippen vlgs. stuklijst, - Pos 3 en 12 : Knippen vlgs. stuklijst,20-01-19 0:00, - Pos 3 en 12 : Knippen vlgs. stuklijst,,,,
0508,TITLE 10,10,Slug for item 0508,FALSE,3, - Pos 4 : Bout inkorten naar 47 mm,FALSE,20-01-19 0:00, - Pos 4 : Bout inkorten naar 47 mm,,,,
0508,TITLE 10,10,Slug for item 0508,FALSE,4, - Pos 6 en 9 : Knippen vlgs. tekening,FALSE,20-01-19 0:00, - Pos 6 en 9 : Knippen vlgs. tekening,,,,
0508,TITLE 20,20,Slug for item 0508, - Schuin kantje draaien,1, - Schuin kantje draaien,FALSE,20-01-19 0:00, - Schuin kantje draaien,,,,
0508,vraag aan user,30,Slug for item 0508, - Pos 1, 6, 7, 8 en 9 : Gaten boren vlgs. tekening,1, - Pos 1, 6, 7, 8 en 9 : Gaten boren vlgs. tekening,FALSE,20-01-19 0:00, - Pos 1, 6, 7, 8 en 9 : Gaten boren vlgs. tekening,,,,
0508,vraag aan user,30,Slug for item 0508,FALSE,2,   Pos 7 : Excl. gat diam. 10,1,   Pos 7 : Excl. gat diam. 10,1,20-01-19 0:00,   Pos 7 : Excl. gat diam. 10,1,,,,
0508,vraag aan user,40,Slug for item 0508, - Pos 6 en 9 : Afbramen en ronding schuren,1, - Pos 6 en 9 : Afbramen en ronding schuren,FALSE,20-01-19 0:00, - Pos 6 en 9 : Afbramen en ronding schuren,,,,
0508,vraag aan user,40,Slug for item 0508,FALSE,2, - Pos 8 : Buigen, - Pos 8 : Buigen,20-01-19 0:00, - Pos 8 : Buigen,,,,
0508,vraag aan user,50,Slug for item 0508, - Logo stanzen,1, - Logo stanzen,FALSE,20-01-19 0:00, - Logo stanzen,,,,
0508,vraag aan user,60,Slug for item 0508, - Plaatje aanlassen en vorm snijden mbv. snijmal,1, - Plaatje aanlassen en vorm snijden mbv. snijmal,FALSE,20-01-19 0:00, - Plaatje aanlassen en vorm snijden mbv. snijmal,,,,
0508,vraag aan user,70,Slug for item 0508, - Afschuining knippen,1, - Afschuining knippen,FALSE,20-01-19 0:00, - Afschuining knippen,,,,
0508,vraag aan user,70,Slug for item 0508,FALSE,2, - Snijkant slijpen tot op een dikte van 0,3 mm, - Snijkant slijpen tot op een dikte van 0,3 mm,20-01-19 0:00, - Snijkant slijpen tot op een dikte van 0,3 mm,,,,
0508,vraag aan user,70,Slug for item 0508,FALSE,3, - Zetten onder handzetbank,FALSE,20-01-19 0:00, - Zetten onder handzetbank,,,,
0508,vraag aan user,100,Slug for item 0508, - Pos 3, 6 en 9 : Strippen aanlassen mbv. lasmal,1, - Pos 3, 6 en 9 : Strippen aanlassen mbv. lasmal,FALSE,20-01-19 0:00, - Pos 3, 6 en 9 : Strippen aanlassen mbv. lasmal,,,,
0508,vraag aan user,100,Slug for item 0508,FALSE,2, - Pos 6 en 9 : Richten, - Pos 6 en 9 : Richten,20-01-19 0:00, - Pos 6 en 9 : Richten,,,,
0508,vraag aan user,100,Slug for item 0508,FALSE,3, - Pos 7 : Lasnop aan 1 zijde aanbrengen,FALSE,20-01-19 0:00, - Pos 7 : Lasnop aan 1 zijde aanbrengen,,,,
0508,vraag aan user,130,Slug for item 0508, - Pos 1, 3, 6, 7, 9 en 12 : Verzinken,1, - Pos 1, 3, 6, 7, 9 en 12 : Verzinken,FALSE,20-01-19 0:00, - Pos 1, 3, 6, 7, 9 en 12 : Verzinken,,,,
0508,vraag aan user,150,Slug for item 0508, - Geheel monteren,1, - Geheel monteren,FALSE,20-01-19 0:00, - Geheel monteren,,,,
0508,vraag aan user,150,Slug for item 0508,FALSE,2,   - Pos 7 en 9 : Gaten tijdens montage opboren,   - Pos 7 en 9 : Gaten tijdens montage opboren,20-01-19 0:00,   - Pos 7 en 9 : Gaten tijdens montage opboren,,,,
0508,vraag aan user,150,Slug for item 0508,FALSE,3,     tbv. pen pos 8,FALSE,20-01-19 0:00,     tbv. pen pos 8,,,,
0508,vraag aan user,150,Slug for item 0508,FALSE,4,   - Snijkant op scherpte maken met behulp van vijl,FALSE,20-01-19 0:00,   - Snijkant op scherpte maken met behulp van vijl,,,,
0508,vraag aan user,160,Slug for item 0508, - Geheel verpakken in folie mbv. krimpfolie hand-,1, - Geheel verpakken in folie mbv. krimpfolie hand-,FALSE,20-01-19 0:00, - Geheel verpakken in folie mbv. krimpfolie hand-,,,,
0508,vraag aan user,160,Slug for item 0508,FALSE,2,   set en snijkant beschermen met karton,   set en snijkant beschermen met karton,20-01-19 0:00,   set en snijkant beschermen met karton,,,,
0509,TITLE 10,10,Slug for item 0509, - Materiaal verzamelen volgens de stuklijst,1, - Materiaal verzamelen volgens de stuklijst,FALSE,20-01-19 0:00, - Materiaal verzamelen volgens de stuklijst,,,,
0509,TITLE 10,10,Slug for item 0509,FALSE,2,   (zie printverslag completeringsverslag).,   (zie printverslag completeringsverslag).,20-01-19 0:00,   (zie printverslag completeringsverslag).,,,,
0509,TITLE 10,10,Slug for item 0509,FALSE,3, - Het verzamelde materiaal controleren, door,FALSE,20-01-19 0:00, - Het verzamelde materiaal controleren, door,,,,
0509,TITLE 10,10,Slug for item 0509,FALSE,4,   derden, en aftekenen op het printverslag.,FALSE,20-01-19 0:00,   derden, en aftekenen op het printverslag.,,,,
0509,TITLE 10,10,Slug for item 0509,FALSE,5, - Veenprofielsteker in de tas verpakken.,FALSE,20-01-19 0:00, - Veenprofielsteker in de tas verpakken.,,,,
0509,TITLE 10,10,Slug for item 0509,FALSE,6," - Materiaal in de doos verpakken,.",FALSE,20-01-19 0:00," - Materiaal in de doos verpakken,.",,,,
0509,TITLE 10,10,Slug for item 0509,FALSE,7, - Materiaal in de doos opvullen met zakjes vul-,FALSE,20-01-19 0:00, - Materiaal in de doos opvullen met zakjes vul-,,,,
0509,TITLE 10,10,Slug for item 0509,FALSE,8,   schuim.,FALSE,20-01-19 0:00,   schuim.,,,,
0509,TITLE 10,10,Slug for item 0509,FALSE,9, - Dokumentatie set toevoegen.,FALSE,20-01-19 0:00, - Dokumentatie set toevoegen.,,,,
0509,TITLE 20,20,Slug for item 0509, - Doos afsluiten m.b.v. plaktape en indien nodig,1, - Doos afsluiten m.b.v. plaktape en indien nodig,FALSE,20-01-19 0:00, - Doos afsluiten m.b.v. plaktape en indien nodig,,,,
0509,TITLE 20,20,Slug for item 0509,FALSE,2,   met omsnoeringsapparaat.,   met omsnoeringsapparaat.,20-01-19 0:00,   met omsnoeringsapparaat.,,,,
0509,TITLE 20,20,Slug for item 0509,FALSE,3, - Controleer of de afmetingen en het gewicht,FALSE,20-01-19 0:00, - Controleer of de afmetingen en het gewicht,,,,
0509,TITLE 20,20,Slug for item 0509,FALSE,4,   welke vermeld staan op de doossticker correct,FALSE,20-01-19 0:00,   welke vermeld staan op de doossticker correct,,,,
0509,TITLE 20,20,Slug for item 0509,FALSE,5,   zijn, corrigeer deze indien noodzakelijk en,FALSE,20-01-19 0:00,   zijn, corrigeer deze indien noodzakelijk en,,,,
0509,TITLE 20,20,Slug for item 0509,FALSE,6,   vermeld wijzigingen op de W.O.,FALSE,20-01-19 0:00,   vermeld wijzigingen op de W.O.,,,,
0509,TITLE 20,20,Slug for item 0509,FALSE,7, - Vul de doossticker in en plak deze op de,FALSE,20-01-19 0:00, - Vul de doossticker in en plak deze op de,,,,
0509,TITLE 20,20,Slug for item 0509,FALSE,8,   zijkant van de doos.,FALSE,20-01-19 0:00,   zijkant van de doos.,,,,
0509,TITLE 20,20,Slug for item 0509,FALSE,9, - Sla de standaardverpakking op in ME in de,FALSE,20-01-19 0:00, - Sla de standaardverpakking op in ME in de,,,,
0509,vraag aan user,30,Slug for item 0509,   juiste stelling (first-in/first-out).,1,   juiste stelling (first-in/first-out).,FALSE,20-01-19 0:00,   juiste stelling (first-in/first-out).,,,,
0509,vraag aan user,30,Slug for item 0509,FALSE,2, - Vul de inpakdatum en de paraaf weer in op het, - Vul de inpakdatum en de paraaf weer in op het,20-01-19 0:00, - Vul de inpakdatum en de paraaf weer in op het,,,,
0509,vraag aan user,30,Slug for item 0509,FALSE,3,   printverslag.,FALSE,20-01-19 0:00,   printverslag.,,,,
0510,TITLE 20,20,Slug for item 0510, - Zagen vlgs stuklijst,1, - Zagen vlgs stuklijst,FALSE,20-01-19 0:00, - Zagen vlgs stuklijst,,,,
0510,vraag aan user,30,Slug for item 0510, - Rotofinishen,1, - Rotofinishen,FALSE,20-01-19 0:00, - Rotofinishen,,,,
0510,vraag aan user,40,Slug for item 0510, - Bodemplaat aan bus lassen,1, - Bodemplaat aan bus lassen,FALSE,20-01-19 0:00, - Bodemplaat aan bus lassen,,,,
0510,vraag aan user,40,Slug for item 0510,FALSE,2, - Steunring aan bus lassen, - Steunring aan bus lassen,20-01-19 0:00, - Steunring aan bus lassen,,,,
0510,vraag aan user,40,Slug for item 0510,FALSE,3, - Let op!! stand gat - steelopening,FALSE,20-01-19 0:00, - Let op!! stand gat - steelopening,,,,
0510,vraag aan user,45,Slug for item 0510, - Rotofinishen,1, - Rotofinishen,FALSE,20-01-19 0:00, - Rotofinishen,,,,
0510,vraag aan user,50,Slug for item 0510, - Steel aan bus hechtlassen mbv RVS draad,1, - Steel aan bus hechtlassen mbv RVS draad,FALSE,20-01-19 0:00, - Steel aan bus hechtlassen mbv RVS draad,,,,
0510,vraag aan user,50,Slug for item 0510,FALSE,2,   dusdanig dat er geen doorbranding in pos.3 is,   dusdanig dat er geen doorbranding in pos.3 is,20-01-19 0:00,   dusdanig dat er geen doorbranding in pos.3 is,,,,
0510,vraag aan user,50,Slug for item 0510,FALSE,3,   en afwerken,FALSE,20-01-19 0:00,   en afwerken,,,,
0510,vraag aan user,65,Slug for item 0510, - Logo etsen,1, - Logo etsen,FALSE,20-01-19 0:00, - Logo etsen,,,,
0510,vraag aan user,70,Slug for item 0510, - Boorpijpje monteren,1, - Boorpijpje monteren,FALSE,20-01-19 0:00, - Boorpijpje monteren,,,,
0510,vraag aan user,70,Slug for item 0510,FALSE,2, - Omsteekdop plaatsen, - Omsteekdop plaatsen,20-01-19 0:00, - Omsteekdop plaatsen,,,,
0602,TITLE 10,10,Slug for item 0602, - Materiaal verzamelen volgens de stuklijst,1, - Materiaal verzamelen volgens de stuklijst,FALSE,20-01-19 0:00, - Materiaal verzamelen volgens de stuklijst,,,,
0602,TITLE 10,10,Slug for item 0602,FALSE,2,   (zie printverslag completerings opdracht),   (zie printverslag completerings opdracht),20-01-19 0:00,   (zie printverslag completerings opdracht),,,,
0602,TITLE 10,10,Slug for item 0602,FALSE,3, - Conus no. 1 aan sondeerstang d.8 mm en,FALSE,20-01-19 0:00, - Conus no. 1 aan sondeerstang d.8 mm en,,,,
0602,TITLE 10,10,Slug for item 0602,FALSE,4,   conus no. 2 aan sondeerstang d.10 bevestigen,FALSE,20-01-19 0:00,   conus no. 2 aan sondeerstang d.10 bevestigen,,,,
0602,TITLE 10,10,Slug for item 0602,FALSE,5,   (LET OP : aan de juiste zijde van de stang),FALSE,20-01-19 0:00,   (LET OP : aan de juiste zijde van de stang),,,,
0602,TITLE 10,10,Slug for item 0602,FALSE,6,   Beide in de klem van de kist plaatsen,FALSE,20-01-19 0:00,   Beide in de klem van de kist plaatsen,,,,
0602,TITLE 20,20,Slug for item 0602, - Verpak het materiaal volgens de verpakkings-,1, - Verpak het materiaal volgens de verpakkings-,FALSE,20-01-19 0:00, - Verpak het materiaal volgens de verpakkings-,,,,
0602,TITLE 20,20,Slug for item 0602,FALSE,2,   specificatielijst 06.02 in de kist,   specificatielijst 06.02 in de kist,20-01-19 0:00,   specificatielijst 06.02 in de kist,,,,
0602,vraag aan user,30,Slug for item 0602, - Controleer of de afmetingen en het gewicht,1, - Controleer of de afmetingen en het gewicht,FALSE,20-01-19 0:00, - Controleer of de afmetingen en het gewicht,,,,
0602,vraag aan user,30,Slug for item 0602,FALSE,2,   correct zijn, corrigeer deze indien noodzakelijk,   correct zijn, corrigeer deze indien noodzakelijk,20-01-19 0:00,   correct zijn, corrigeer deze indien noodzakelijk,,,,
0602,vraag aan user,30,Slug for item 0602,FALSE,3,   en vermeld wijzigingen op de W.O.,FALSE,20-01-19 0:00,   en vermeld wijzigingen op de W.O.,,,,
0606,TITLE 10,10,Slug for item 0606, - Materiaal verzamelen volgens de stuklijst,1, - Materiaal verzamelen volgens de stuklijst,FALSE,20-01-19 0:00, - Materiaal verzamelen volgens de stuklijst,,,,
0606,TITLE 10,10,Slug for item 0606,FALSE,2, - Schuiminzet vastplakken met dubbelzijdig tape, - Schuiminzet vastplakken met dubbelzijdig tape,20-01-19 0:00, - Schuiminzet vastplakken met dubbelzijdig tape,,,,
0606,TITLE 10,10,Slug for item 0606,FALSE,3,   ligt op GO,FALSE,20-01-19 0:00,   ligt op GO,,,,
0606,TITLE 10,10,Slug for item 0606,FALSE,4, - Het verzamelde materiaal controleren, door,FALSE,20-01-19 0:00, - Het verzamelde materiaal controleren, door,,,,
0606,TITLE 10,10,Slug for item 0606,FALSE,5,   derden, en aftekenen op kwaliteitskontrole,FALSE,20-01-19 0:00,   derden, en aftekenen op kwaliteitskontrole,,,,
0606,TITLE 10,10,Slug for item 0606,FALSE,6,   rapport,FALSE,20-01-19 0:00,   rapport,,,,
0606,TITLE 20,20,Slug for item 0606, - Controleer of de afmetingen en het gewicht,1, - Controleer of de afmetingen en het gewicht,FALSE,20-01-19 0:00, - Controleer of de afmetingen en het gewicht,,,,
0606,TITLE 20,20,Slug for item 0606,FALSE,2,   welke vermeld staan op de doossticker correct,   welke vermeld staan op de doossticker correct,20-01-19 0:00,   welke vermeld staan op de doossticker correct,,,,
0606,TITLE 20,20,Slug for item 0606,FALSE,3,   zijn, corrigeer deze indien noodzakelijk en,FALSE,20-01-19 0:00,   zijn, corrigeer deze indien noodzakelijk en,,,,
0606,TITLE 20,20,Slug for item 0606,FALSE,4,   vermeld wijzigingen op de W.O.,FALSE,20-01-19 0:00,   vermeld wijzigingen op de W.O.,,,,
0606,TITLE 20,20,Slug for item 0606,FALSE,5, - Vul de doossticker in,FALSE,20-01-19 0:00, - Vul de doossticker in,,,,
0606,vraag aan user,30,Slug for item 0606, - Sla de standaardverpakking op in ME in de,1, - Sla de standaardverpakking op in ME in de,FALSE,20-01-19 0:00, - Sla de standaardverpakking op in ME in de,,,,
0606,vraag aan user,30,Slug for item 0606,FALSE,2,   juiste stelling (first-in/first-out),   juiste stelling (first-in/first-out),20-01-19 0:00,   juiste stelling (first-in/first-out),,,,
0615,TITLE 10,10,Slug for item 0615, - Verzamelen van alle materialen vlgs stuklijst,1, - Verzamelen van alle materialen vlgs stuklijst,FALSE,20-01-19 0:00, - Verzamelen van alle materialen vlgs stuklijst,,,,
0615,TITLE 10,10,Slug for item 0615,FALSE,2, - Controle van de verzamelde materialen door een, - Controle van de verzamelde materialen door een,20-01-19 0:00, - Controle van de verzamelde materialen door een,,,,
0615,TITLE 10,10,Slug for item 0615,FALSE,3,   derde en laten aftekenen.,FALSE,20-01-19 0:00,   derde en laten aftekenen.,,,,
0615,TITLE 10,10,Slug for item 0615,FALSE,4, - Controle ofdat de software versie overeenkomt,FALSE,20-01-19 0:00, - Controle ofdat de software versie overeenkomt,,,,
0615,TITLE 10,10,Slug for item 0615,FALSE,5,   met de versie van het apparaat.,FALSE,20-01-19 0:00,   met de versie van het apparaat.,,,,
0615,TITLE 10,10,Slug for item 0615,FALSE,6,   Dit is te zien op de info pagina v/h apparaat.,FALSE,20-01-19 0:00,   Dit is te zien op de info pagina v/h apparaat.,,,,
0615,TITLE 10,10,Slug for item 0615,FALSE,7, - Geheel in koffer verpakken van alle materialen,FALSE,20-01-19 0:00, - Geheel in koffer verpakken van alle materialen,,,,
0615,TITLE 10,10,Slug for item 0615,FALSE,8, - Kokers van de sondeerstangen terug naar voorraad,FALSE,20-01-19 0:00, - Kokers van de sondeerstangen terug naar voorraad,,,,
0615,TITLE 10,10,Slug for item 0615,FALSE,9,   onder H265670 en bijboeken,FALSE,20-01-19 0:00,   onder H265670 en bijboeken,,,,
0615,TITLE 20,20,Slug for item 0615, - Plaats het standaard produkt in de juiste,1, - Plaats het standaard produkt in de juiste,FALSE,20-01-19 0:00, - Plaats het standaard produkt in de juiste,,,,
0615,TITLE 20,20,Slug for item 0615,FALSE,2,   stelling (first-in/first-out),   stelling (first-in/first-out),20-01-19 0:00,   stelling (first-in/first-out),,,,
0801,TITLE 10,10,Slug for item 0801, - Materiaal verzamelen per set volgens,1, - Materiaal verzamelen per set volgens,FALSE,20-01-19 0:00, - Materiaal verzamelen per set volgens,,,,
0801,TITLE 10,10,Slug for item 0801,FALSE,2,   printverslag compeleteringsopdracht,   printverslag compeleteringsopdracht,20-01-19 0:00,   printverslag compeleteringsopdracht,,,,
0801,TITLE 10,10,Slug for item 0801,FALSE,3, - Controle van het verzamelde materiaal per,FALSE,20-01-19 0:00, - Controle van het verzamelde materiaal per,,,,
0801,TITLE 10,10,Slug for item 0801,FALSE,4,   set door derden. Aftekenen op printverslag,FALSE,20-01-19 0:00,   set door derden. Aftekenen op printverslag,,,,
0801,TITLE 10,10,Slug for item 0801,FALSE,5,   completeringsopdracht,FALSE,20-01-19 0:00,   completeringsopdracht,,,,
0801,TITLE 10,10,Slug for item 0801,FALSE,6, - Materiaal in de doos doen, slangen niet,FALSE,20-01-19 0:00, - Materiaal in de doos doen, slangen niet,,,,
0801,TITLE 10,10,Slug for item 0801,FALSE,7,   demonteren,FALSE,20-01-19 0:00,   demonteren,,,,
0801,TITLE 20,20,Slug for item 0801, - Niveauregelaar, reservoir apart verpakken boven,1, - Niveauregelaar, reservoir apart verpakken boven,FALSE,20-01-19 0:00, - Niveauregelaar, reservoir apart verpakken boven,,,,
0801,TITLE 20,20,Slug for item 0801,FALSE,2,   en onder zakje schuim gebruiken i.v.m.,   en onder zakje schuim gebruiken i.v.m.,20-01-19 0:00,   en onder zakje schuim gebruiken i.v.m.,,,,
0801,TITLE 20,20,Slug for item 0801,FALSE,3,   breukgevoeligheid,FALSE,20-01-19 0:00,   breukgevoeligheid,,,,
0801,TITLE 20,20,Slug for item 0801,FALSE,4, - Het geheel opsluiten m.b.v. zakjes vulschuim,FALSE,20-01-19 0:00, - Het geheel opsluiten m.b.v. zakjes vulschuim,,,,
0801,TITLE 20,20,Slug for item 0801,FALSE,5, - Doos afsluiten m.b.v. van plaktape,FALSE,20-01-19 0:00, - Doos afsluiten m.b.v. van plaktape,,,,
0801,vraag aan user,30,Slug for item 0801, - Controleer of de afmetingen en het gewicht,1, - Controleer of de afmetingen en het gewicht,FALSE,20-01-19 0:00, - Controleer of de afmetingen en het gewicht,,,,
0801,vraag aan user,30,Slug for item 0801,FALSE,2,   correct zijn, corrigeer deze indien noodzakelijk,   correct zijn, corrigeer deze indien noodzakelijk,20-01-19 0:00,   correct zijn, corrigeer deze indien noodzakelijk,,,,
0801,vraag aan user,30,Slug for item 0801,FALSE,3,   en vermeld wijzigingen op de W.O.,FALSE,20-01-19 0:00,   en vermeld wijzigingen op de W.O.,,,,
0801,vraag aan user,30,Slug for item 0801,FALSE,4, - Print een sticker uit, en plak deze op de,FALSE,20-01-19 0:00, - Print een sticker uit, en plak deze op de,,,,
0801,vraag aan user,30,Slug for item 0801,FALSE,5,   zijkant van de doos.,FALSE,20-01-19 0:00,   zijkant van de doos.,,,,
0801,vraag aan user,40,Slug for item 0801, - Sla de standaardverpakking op in ME op de,1, - Sla de standaardverpakking op in ME op de,FALSE,20-01-19 0:00, - Sla de standaardverpakking op in ME op de,,,,
0801,vraag aan user,40,Slug for item 0801,FALSE,2,   juiste plaats (first-in/first-out),   juiste plaats (first-in/first-out),20-01-19 0:00,   juiste plaats (first-in/first-out),,,,
0801,vraag aan user,40,Slug for item 0801,FALSE,3, - Vul de inpakdatum en paraaf weer in op het,FALSE,20-01-19 0:00, - Vul de inpakdatum en paraaf weer in op het,,,,
0801,vraag aan user,40,Slug for item 0801,FALSE,4,   printverslag,FALSE,20-01-19 0:00,   printverslag,,,,
0815,TITLE 10,10,Slug for item 0815, - De boren worden aan de onderstukken gelast,1, - De boren worden aan de onderstukken gelast,FALSE,20-01-19 0:00, - De boren worden aan de onderstukken gelast,,,,
0815,TITLE 10,10,Slug for item 0815,FALSE,2,   middels de orderafwikkelingsstaat,   middels de orderafwikkelingsstaat,20-01-19 0:00,   middels de orderafwikkelingsstaat,,,,
0815,TITLE 10,10,Slug for item 0815,FALSE,3, - Materiaal verzamelen volgens het printverslag,FALSE,20-01-19 0:00, - Materiaal verzamelen volgens het printverslag,,,,
0815,TITLE 10,10,Slug for item 0815,FALSE,4,   completeringsopdracht,FALSE,20-01-19 0:00,   completeringsopdracht,,,,
0815,TITLE 10,10,Slug for item 0815,FALSE,5, - Verzamelde materiaal controleren door derden,,FALSE,20-01-19 0:00, - Verzamelde materiaal controleren door derden,,,,,
0815,TITLE 10,10,Slug for item 0815,FALSE,6,   en laten aftekenen op het printverslag van de,FALSE,20-01-19 0:00,   en laten aftekenen op het printverslag van de,,,,
0815,TITLE 10,10,Slug for item 0815,FALSE,7,   completeringsopdracht.,FALSE,20-01-19 0:00,   completeringsopdracht.,,,,
0815,TITLE 20,20,Slug for item 0815, - De aluminium kist vullen met het verzamelde,1, - De aluminium kist vullen met het verzamelde,FALSE,20-01-19 0:00, - De aluminium kist vullen met het verzamelde,,,,
0815,TITLE 20,20,Slug for item 0815,FALSE,2,   materiaal, op de veldmap na,   materiaal, op de veldmap na,20-01-19 0:00,   materiaal, op de veldmap na,,,,
0815,TITLE 20,20,Slug for item 0815,FALSE,3, - Kist sluiten en in de A1 doos voegen,FALSE,20-01-19 0:00, - Kist sluiten en in de A1 doos voegen,,,,
0815,TITLE 20,20,Slug for item 0815,FALSE,4, - De veldmap op de kist leggen,FALSE,20-01-19 0:00, - De veldmap op de kist leggen,,,,
0815,vraag aan user,30,Slug for item 0815, - Doos afsluiten m.b.v. plakstroken,1, - Doos afsluiten m.b.v. plakstroken,FALSE,20-01-19 0:00, - Doos afsluiten m.b.v. plakstroken,,,,
0815,vraag aan user,30,Slug for item 0815,FALSE,2, - Controleer of de afmetingen en het gewicht, - Controleer of de afmetingen en het gewicht,20-01-19 0:00, - Controleer of de afmetingen en het gewicht,,,,
0815,vraag aan user,30,Slug for item 0815,FALSE,3,   welke vermeld staan op de doossticker correct,FALSE,20-01-19 0:00,   welke vermeld staan op de doossticker correct,,,,
0815,vraag aan user,30,Slug for item 0815,FALSE,4,   zijn, corrigeer deze indien noodzakelijk,FALSE,20-01-19 0:00,   zijn, corrigeer deze indien noodzakelijk,,,,
0815,vraag aan user,30,Slug for item 0815,FALSE,5,   en vermeld wijzigingen op de W.O.,FALSE,20-01-19 0:00,   en vermeld wijzigingen op de W.O.,,,,
0815,vraag aan user,40,Slug for item 0815, - Vul de doossticker in en plak deze op de zijkant,1, - Vul de doossticker in en plak deze op de zijkant,FALSE,20-01-19 0:00, - Vul de doossticker in en plak deze op de zijkant,,,,
0815,vraag aan user,40,Slug for item 0815,FALSE,2,   van de doos,   van de doos,20-01-19 0:00,   van de doos,,,,
0815,vraag aan user,40,Slug for item 0815,FALSE,3, - Sla de standaardverpakking op in ME op de,FALSE,20-01-19 0:00, - Sla de standaardverpakking op in ME op de,,,,
0815,vraag aan user,40,Slug for item 0815,FALSE,4,   juiste plaats (first-in/first-out),FALSE,20-01-19 0:00,   juiste plaats (first-in/first-out),,,,
0815,vraag aan user,50,Slug for item 0815, - Vul inpakdatum en paraaf weer in op het,1, - Vul inpakdatum en paraaf weer in op het,FALSE,20-01-19 0:00, - Vul inpakdatum en paraaf weer in op het,,,,
0815,vraag aan user,50,Slug for item 0815,FALSE,2,   printverslag,   printverslag,20-01-19 0:00,   printverslag,,,,
0853,TITLE 10,10,Slug for item 0853, - Alle delen verzamelen volgens stuklijst,1, - Alle delen verzamelen volgens stuklijst,FALSE,20-01-19 0:00, - Alle delen verzamelen volgens stuklijst,,,,
0853,TITLE 10,10,Slug for item 0853,FALSE,2, - Alles in de kist verpakken, opvullen en, - Alles in de kist verpakken, opvullen en,20-01-19 0:00, - Alles in de kist verpakken, opvullen en,,,,
0853,TITLE 10,10,Slug for item 0853,FALSE,3,   afsluiten,FALSE,20-01-19 0:00,   afsluiten,,,,
0853,TITLE 10,10,Slug for item 0853,FALSE,4,   De dozen met erlenmeyers en reageerbuizen op,FALSE,20-01-19 0:00,   De dozen met erlenmeyers en reageerbuizen op,,,,
0853,TITLE 10,10,Slug for item 0853,FALSE,5,   het plateau bevestigen met plakband,FALSE,20-01-19 0:00,   het plateau bevestigen met plakband,,,,
0853,TITLE 10,10,Slug for item 0853,FALSE,6, - Sticker aanbrengen en oplaan in LoC,FALSE,20-01-19 0:00, - Sticker aanbrengen en oplaan in LoC,,,,
0860,TITLE 10,10,Slug for item 0860, - Verzamelen onderdelen,1, - Verzamelen onderdelen,FALSE,20-01-19 0:00, - Verzamelen onderdelen,,,,
0860,TITLE 10,10,Slug for item 0860,FALSE,2, - Pos 8, 11, 27, 31, 41, 46, 48 en 55 : Zagen, - Pos 8, 11, 27, 31, 41, 46, 48 en 55 : Zagen,20-01-19 0:00, - Pos 8, 11, 27, 31, 41, 46, 48 en 55 : Zagen,,,,
0860,TITLE 10,10,Slug for item 0860,FALSE,3,   vlgs. stuklijst,FALSE,20-01-19 0:00,   vlgs. stuklijst,,,,
0860,TITLE 10,10,Slug for item 0860,FALSE,4, - Pos 9, 10, 17, 26, 28, 29 en 35 : Materiaal,FALSE,20-01-19 0:00, - Pos 9, 10, 17, 26, 28, 29 en 35 : Materiaal,,,,
0860,TITLE 10,10,Slug for item 0860,FALSE,5,   meegeven tbv. afsteken,FALSE,20-01-19 0:00,   meegeven tbv. afsteken,,,,
0860,TITLE 10,10,Slug for item 0860,FALSE,6, - Pos 54 en 57 : Knippen vlgs. stuklijst,FALSE,20-01-19 0:00, - Pos 54 en 57 : Knippen vlgs. stuklijst,,,,
0860,vraag aan user,25,Slug for item 0860, - Draaien / bewerken vlgs. tekening,1, - Draaien / bewerken vlgs. tekening,FALSE,20-01-19 0:00, - Draaien / bewerken vlgs. tekening,,,,
0860,vraag aan user,25,Slug for item 0860,FALSE,2,   Programma's :,   Programma's :,20-01-19 0:00,   Programma's :,,,,
0860,vraag aan user,25,Slug for item 0860,FALSE,3,   - Pos 46 en 48 : B0860-01   of   C0860-01,FALSE,20-01-19 0:00,   - Pos 46 en 48 : B0860-01   of   C0860-01,,,,
0860,vraag aan user,25,Slug for item 0860,FALSE,4,                    B0860-02        C0860-02,FALSE,20-01-19 0:00,                    B0860-02        C0860-02,,,,
0860,vraag aan user,25,Slug for item 0860,FALSE,5,                    B0860-03        C0860-03,FALSE,20-01-19 0:00,                    B0860-03        C0860-03,,,,
0860,vraag aan user,25,Slug for item 0860,FALSE,6,                    B0860-04        C0860-04,FALSE,20-01-19 0:00,                    B0860-04        C0860-04,,,,
0860,vraag aan user,25,Slug for item 0860,FALSE,7,   - Pos 29 : C0860-05,FALSE,20-01-19 0:00,   - Pos 29 : C0860-05,,,,
0860,vraag aan user,26,Slug for item 0860,   - Pos 28 : C0860-06,1,   - Pos 28 : C0860-06,FALSE,20-01-19 0:00,   - Pos 28 : C0860-06,,,,
0860,vraag aan user,26,Slug for item 0860,FALSE,2,   - Pos 10 : C0860-07,   - Pos 10 : C0860-07,20-01-19 0:00,   - Pos 10 : C0860-07,,,,
0860,vraag aan user,26,Slug for item 0860,FALSE,3,   - Pos 35 : C0860-08,FALSE,20-01-19 0:00,   - Pos 35 : C0860-08,,,,
0860,vraag aan user,26,Slug for item 0860,FALSE,4,   - Pos 26 : C0860-09,FALSE,20-01-19 0:00,   - Pos 26 : C0860-09,,,,
0860,vraag aan user,26,Slug for item 0860,FALSE,5,   - Pos 9  : C0860-10,FALSE,20-01-19 0:00,   - Pos 9  : C0860-10,,,,
0860,vraag aan user,26,Slug for item 0860,FALSE,6,   - Pos 17 : C0860-11,FALSE,20-01-19 0:00,   - Pos 17 : C0860-11,,,,
0860,vraag aan user,26,Slug for item 0860,FALSE,7,   - Pos 11 : C0860-12,FALSE,20-01-19 0:00,   - Pos 11 : C0860-12,,,,
0860,vraag aan user,30,Slug for item 0860, - Pos 8 en 41 : Draaien vlgs. tekening,1, - Pos 8 en 41 : Draaien vlgs. tekening,FALSE,20-01-19 0:00, - Pos 8 en 41 : Draaien vlgs. tekening,,,,
0860,vraag aan user,40,Slug for item 0860, - Draaiwerk controleren,1, - Draaiwerk controleren,FALSE,20-01-19 0:00, - Draaiwerk controleren,,,,
0860,vraag aan user,50,Slug for item 0860, - Pos 41 : Plat vlak frezen en boren / tappen,1, - Pos 41 : Plat vlak frezen en boren / tappen,FALSE,20-01-19 0:00, - Pos 41 : Plat vlak frezen en boren / tappen,,,,
0860,vraag aan user,50,Slug for item 0860,FALSE,2,   mbv. hoogtemal,   mbv. hoogtemal,20-01-19 0:00,   mbv. hoogtemal,,,,
0860,vraag aan user,50,Slug for item 0860,FALSE,3, - Pos 56 : Frezen en boren / tappen,FALSE,20-01-19 0:00, - Pos 56 : Frezen en boren / tappen,,,,
0860,vraag aan user,50,Slug for item 0860,FALSE,4, - Pos 46 en 48 : Evt. bewerken,FALSE,20-01-19 0:00, - Pos 46 en 48 : Evt. bewerken,,,,
0860,vraag aan user,50,Slug for item 0860,FALSE,5,   - Programma pos 46 : F0860-07,FALSE,20-01-19 0:00,   - Programma pos 46 : F0860-07,,,,
0860,vraag aan user,50,Slug for item 0860,FALSE,6,               pos 48 : F0860-06,FALSE,20-01-19 0:00,               pos 48 : F0860-06,,,,
0860,vraag aan user,60,Slug for item 0860, - Pos 5, 7, 54 en 57 : Boren en evt. tappen,1, - Pos 5, 7, 54 en 57 : Boren en evt. tappen,FALSE,20-01-19 0:00, - Pos 5, 7, 54 en 57 : Boren en evt. tappen,,,,
0860,vraag aan user,60,Slug for item 0860,FALSE,2, - Pos 55 : Gaten boren en tappen, - Pos 55 : Gaten boren en tappen,20-01-19 0:00, - Pos 55 : Gaten boren en tappen,,,,
0860,vraag aan user,60,Slug for item 0860,FALSE,3,   Gat diam. 25 voorboren met diam. 8 en dan boren,FALSE,20-01-19 0:00,   Gat diam. 25 voorboren met diam. 8 en dan boren,,,,
0860,vraag aan user,60,Slug for item 0860,FALSE,4,   diam. 25,FALSE,20-01-19 0:00,   diam. 25,,,,
0860,vraag aan user,70,Slug for item 0860, - Delen afwerken,1, - Delen afwerken,FALSE,20-01-19 0:00, - Delen afwerken,,,,
0860,vraag aan user,70,Slug for item 0860,FALSE,2, - Pos 5 en 7 : Schuine kantjes schuren, - Pos 5 en 7 : Schuine kantjes schuren,20-01-19 0:00, - Pos 5 en 7 : Schuine kantjes schuren,,,,
0860,vraag aan user,70,Slug for item 0860,FALSE,3, - Pos 8 : Zaagsnede aanbrengen,FALSE,20-01-19 0:00, - Pos 8 : Zaagsnede aanbrengen,,,,
0860,vraag aan user,80,Slug for item 0860, - Pos 17 : Alleen  indien nodig polijsten ruwheid-,1, - Pos 17 : Alleen  indien nodig polijsten ruwheid-,FALSE,20-01-19 0:00, - Pos 17 : Alleen  indien nodig polijsten ruwheid-,,,,
0860,vraag aan user,80,Slug for item 0860,FALSE,2,   waarde 0.2,   waarde 0.2,20-01-19 0:00,   waarde 0.2,,,,
0860,vraag aan user,110,Slug for item 0860, - Pos 17 : Verchromen,1, - Pos 17 : Verchromen,FALSE,20-01-19 0:00, - Pos 17 : Verchromen,,,,
0860,vraag aan user,110,Slug for item 0860,FALSE,2,   Chroomdikte max. 12 micrometer,   Chroomdikte max. 12 micrometer,20-01-19 0:00,   Chroomdikte max. 12 micrometer,,,,
0860,vraag aan user,110,Slug for item 0860,FALSE,3, - Pos 54 : Geel verzinken,FALSE,20-01-19 0:00, - Pos 54 : Geel verzinken,,,,
0860,vraag aan user,110,Slug for item 0860,FALSE,4, - Pos 55 : Zwart verzinken,FALSE,20-01-19 0:00, - Pos 55 : Zwart verzinken,,,,
0860,vraag aan user,140,Slug for item 0860, - Pos 1 en 2 : Kasten op elkaar monteren,1, - Pos 1 en 2 : Kasten op elkaar monteren,FALSE,20-01-19 0:00, - Pos 1 en 2 : Kasten op elkaar monteren,,,,
0860,vraag aan user,140,Slug for item 0860,FALSE,2, - Pos 17, 41, 44, 45, 49, 54, 55, 57 : Monteren, - Pos 17, 41, 44, 45, 49, 54, 55, 57 : Monteren,20-01-19 0:00, - Pos 17, 41, 44, 45, 49, 54, 55, 57 : Monteren,,,,
0860,vraag aan user,140,Slug for item 0860,FALSE,3, - Pos 42 : Bij sterknop met boor merkpunt aan-,FALSE,20-01-19 0:00, - Pos 42 : Bij sterknop met boor merkpunt aan-,,,,
0860,vraag aan user,140,Slug for item 0860,FALSE,4,   brengen en rood inkleuren met verf,FALSE,20-01-19 0:00,   brengen en rood inkleuren met verf,,,,
0860,vraag aan user,140,Slug for item 0860,FALSE,5,   Sterknop monteren op pos 44,FALSE,20-01-19 0:00,   Sterknop monteren op pos 44,,,,
0860,vraag aan user,140,Slug for item 0860,FALSE,6, - Pos 5, 7, 8, 9, 10, 11, 12, 14, 26, 27, 47, 56,,FALSE,20-01-19 0:00, - Pos 5, 7, 8, 9, 10, 11, 12, 14, 26, 27, 47, 56,,,,,
0860,vraag aan user,140,Slug for item 0860,FALSE,7,   en 84 : Kwikgeleiding monteren,FALSE,20-01-19 0:00,   en 84 : Kwikgeleiding monteren,,,,
0860,vraag aan user,150,Slug for item 0860, - Pos 4, 24, 35, 36, 37, 50, 53, 59, 61, 62 en,1, - Pos 4, 24, 35, 36, 37, 50, 53, 59, 61, 62 en,FALSE,20-01-19 0:00, - Pos 4, 24, 35, 36, 37, 50, 53, 59, 61, 62 en,,,,
0860,vraag aan user,150,Slug for item 0860,FALSE,2,   63 : Monteren,   63 : Monteren,20-01-19 0:00,   63 : Monteren,,,,
0860,vraag aan user,150,Slug for item 0860,FALSE,3, - Glaswerk monteren en slangen aansluiten,FALSE,20-01-19 0:00, - Glaswerk monteren en slangen aansluiten,,,,
0860,vraag aan user,150,Slug for item 0860,FALSE,4, - Pos 74, 75 en 82 : Gaten boren in deksel en,FALSE,20-01-19 0:00, - Pos 74, 75 en 82 : Gaten boren in deksel en,,,,
0860,vraag aan user,150,Slug for item 0860,FALSE,5,   fles mbv. klitteband in kast plaatsen,FALSE,20-01-19 0:00,   fles mbv. klitteband in kast plaatsen,,,,
0860,vraag aan user,150,Slug for item 0860,FALSE,6, - Alles controleren / testen,FALSE,20-01-19 0:00, - Alles controleren / testen,,,,
0860,vraag aan user,155,Slug for item 0860, - Iedere luchtpyknometer KALIBREREN met kwik in,1, - Iedere luchtpyknometer KALIBREREN met kwik in,FALSE,20-01-19 0:00, - Iedere luchtpyknometer KALIBREREN met kwik in,,,,
0860,vraag aan user,155,Slug for item 0860,FALSE,2,   opvangbak,   opvangbak,20-01-19 0:00,   opvangbak,,,,
0860,vraag aan user,160,Slug for item 0860,   - Plaats de slangklem (pos 6) aan achterzijde,1,   - Plaats de slangklem (pos 6) aan achterzijde,FALSE,20-01-19 0:00,   - Plaats de slangklem (pos 6) aan achterzijde,,,,
0860,vraag aan user,160,Slug for item 0860,FALSE,2,     van de pyknometer zo hoog mogelijk op de slang,     van de pyknometer zo hoog mogelijk op de slang,20-01-19 0:00,     van de pyknometer zo hoog mogelijk op de slang,,,,
0860,vraag aan user,160,Slug for item 0860,FALSE,3,   - Draai de kap van het niveauvat en houd het vat,FALSE,20-01-19 0:00,   - Draai de kap van het niveauvat en houd het vat,,,,
0860,vraag aan user,160,Slug for item 0860,FALSE,4,     op gelijke hoogte met de ontluchtingskraan,FALSE,20-01-19 0:00,     op gelijke hoogte met de ontluchtingskraan,,,,
0860,vraag aan user,160,Slug for item 0860,FALSE,5,   - Vul de pyknometer met ca. 1350 gr. kwik en,FALSE,20-01-19 0:00,   - Vul de pyknometer met ca. 1350 gr. kwik en,,,,
0860,vraag aan user,160,Slug for item 0860,FALSE,6,     plaats de kap weer op niveauvat,FALSE,20-01-19 0:00,     plaats de kap weer op niveauvat,,,,
0860,vraag aan user,160,Slug for item 0860,FALSE,7,   - Zet niveauvat in bovenste positie,FALSE,20-01-19 0:00,   - Zet niveauvat in bovenste positie,,,,
0860,vraag aan user,165,Slug for item 0860,   - Plaats vacuumklok op de meetplaat,1,   - Plaats vacuumklok op de meetplaat,FALSE,20-01-19 0:00,   - Plaats vacuumklok op de meetplaat,,,,
0860,vraag aan user,165,Slug for item 0860,FALSE,2,   - Draai de klemknop aan (rode markering altijd,   - Draai de klemknop aan (rode markering altijd,20-01-19 0:00,   - Draai de klemknop aan (rode markering altijd,,,,
0860,vraag aan user,165,Slug for item 0860,FALSE,3,     op zelfde plaats positioneren),FALSE,20-01-19 0:00,     op zelfde plaats positioneren),,,,
0860,vraag aan user,165,Slug for item 0860,FALSE,4,   - Plaats de ontluchtingskraan in positie 0,FALSE,20-01-19 0:00,   - Plaats de ontluchtingskraan in positie 0,,,,
0860,vraag aan user,165,Slug for item 0860,FALSE,5,   - Zet het kwikniveau in de glazen buis gelijk,FALSE,20-01-19 0:00,   - Zet het kwikniveau in de glazen buis gelijk,,,,
0860,vraag aan user,165,Slug for item 0860,FALSE,6,     met de rode markering bovenaan de buis door,FALSE,20-01-19 0:00,     met de rode markering bovenaan de buis door,,,,
0860,vraag aan user,165,Slug for item 0860,FALSE,7,     verschuiving van het niveauvat.,FALSE,20-01-19 0:00,     verschuiving van het niveauvat.,,,,
0860,vraag aan user,165,Slug for item 0860,FALSE,8,     Wordt dit niet gehaald, dan kwik bijvullen,FALSE,20-01-19 0:00,     Wordt dit niet gehaald, dan kwik bijvullen,,,,
0860,vraag aan user,170,Slug for item 0860,   - Draai de bovenste stelschroef vast,1,   - Draai de bovenste stelschroef vast,FALSE,20-01-19 0:00,   - Draai de bovenste stelschroef vast,,,,
0860,vraag aan user,170,Slug for item 0860,FALSE,2,   - Plaats, als het kwik in rust is, de ontluch-,   - Plaats, als het kwik in rust is, de ontluch-,20-01-19 0:00,   - Plaats, als het kwik in rust is, de ontluch-,,,,
0860,vraag aan user,170,Slug for item 0860,FALSE,3,     tingskraan in positie 1,FALSE,20-01-19 0:00,     tingskraan in positie 1,,,,
0860,vraag aan user,170,Slug for item 0860,FALSE,4,   - Plaats het niveauvat rustig van de bovenste,FALSE,20-01-19 0:00,   - Plaats het niveauvat rustig van de bovenste,,,,
0860,vraag aan user,170,Slug for item 0860,FALSE,5,     positie naar de onderste positie.,FALSE,20-01-19 0:00,     positie naar de onderste positie.,,,,
0860,vraag aan user,175,Slug for item 0860,   - Regel de kwikkolom nu gelijk met het nulpunt,1,   - Regel de kwikkolom nu gelijk met het nulpunt,FALSE,20-01-19 0:00,   - Regel de kwikkolom nu gelijk met het nulpunt,,,,
0860,vraag aan user,175,Slug for item 0860,FALSE,2,     van de schaalverdeling door verstellen van de,     van de schaalverdeling door verstellen van de,20-01-19 0:00,     van de schaalverdeling door verstellen van de,,,,
0860,vraag aan user,175,Slug for item 0860,FALSE,3,     onderste stelring,FALSE,20-01-19 0:00,     onderste stelring,,,,
0860,vraag aan user,175,Slug for item 0860,FALSE,4,   - Plaats het niveavat weer in bovenste positie,FALSE,20-01-19 0:00,   - Plaats het niveavat weer in bovenste positie,,,,
0860,vraag aan user,175,Slug for item 0860,FALSE,5,   - Zet de ontluchtingskraan in positie 0,FALSE,20-01-19 0:00,   - Zet de ontluchtingskraan in positie 0,,,,
0860,vraag aan user,175,Slug for item 0860,FALSE,6,   - Draai de klemknop los en plaats het kalibra-,FALSE,20-01-19 0:00,   - Draai de klemknop los en plaats het kalibra-,,,,
0860,vraag aan user,175,Slug for item 0860,FALSE,7,     tieblokje onder de meetklok,FALSE,20-01-19 0:00,     tieblokje onder de meetklok,,,,
0860,vraag aan user,180,Slug for item 0860,   - Draai de klemknop vast,1,   - Draai de klemknop vast,FALSE,20-01-19 0:00,   - Draai de klemknop vast,,,,
0860,vraag aan user,180,Slug for item 0860,FALSE,2,   - Zet de ontluchtingskraan in positie 1,   - Zet de ontluchtingskraan in positie 1,20-01-19 0:00,   - Zet de ontluchtingskraan in positie 1,,,,
0860,vraag aan user,180,Slug for item 0860,FALSE,3,   - Verplaats niveauvat naar onderste positie,FALSE,20-01-19 0:00,   - Verplaats niveauvat naar onderste positie,,,,
0860,vraag aan user,180,Slug for item 0860,FALSE,4,   - Kwik aanwijzing op schaalverdeling moet boven,FALSE,20-01-19 0:00,   - Kwik aanwijzing op schaalverdeling moet boven,,,,
0860,vraag aan user,180,Slug for item 0860,FALSE,5,     de 60 cm3,FALSE,20-01-19 0:00,     de 60 cm3,,,,
0860,vraag aan user,180,Slug for item 0860,FALSE,6,   - Plaats het niveauvat in bovenste positie,FALSE,20-01-19 0:00,   - Plaats het niveauvat in bovenste positie,,,,
0860,vraag aan user,180,Slug for item 0860,FALSE,7,   - Zet de ontluchtingskraan in positie 0,FALSE,20-01-19 0:00,   - Zet de ontluchtingskraan in positie 0,,,,
0860,vraag aan user,185,Slug for item 0860,   - Verplaats slanklem (achterzijde van pykno-,1,   - Verplaats slanklem (achterzijde van pykno-,FALSE,20-01-19 0:00,   - Verplaats slanklem (achterzijde van pykno-,,,,
0860,vraag aan user,185,Slug for item 0860,FALSE,2,     meter) naar het uiteinde van de slang,     meter) naar het uiteinde van de slang,20-01-19 0:00,     meter) naar het uiteinde van de slang,,,,
0860,vraag aan user,185,Slug for item 0860,FALSE,3,   - Zet de ontluchtingskraan in positie 1,FALSE,20-01-19 0:00,   - Zet de ontluchtingskraan in positie 1,,,,
0860,vraag aan user,185,Slug for item 0860,FALSE,4,   - Verplaats het niveauvat naar onderste positie,FALSE,20-01-19 0:00,   - Verplaats het niveauvat naar onderste positie,,,,
0860,vraag aan user,185,Slug for item 0860,FALSE,5,   - Aanwijzing van de kwikkolom moet nu onder de,FALSE,20-01-19 0:00,   - Aanwijzing van de kwikkolom moet nu onder de,,,,
0860,vraag aan user,185,Slug for item 0860,FALSE,6,     60 cm3 liggen,FALSE,20-01-19 0:00,     60 cm3 liggen,,,,
0860,vraag aan user,190,Slug for item 0860,   - Als dit het geval is, is de pyknometer juist,1,   - Als dit het geval is, is de pyknometer juist,FALSE,20-01-19 0:00,   - Als dit het geval is, is de pyknometer juist,,,,
0860,vraag aan user,190,Slug for item 0860,FALSE,2,     te kalibreren en kan het kwik verwijderd,     te kalibreren en kan het kwik verwijderd,20-01-19 0:00,     te kalibreren en kan het kwik verwijderd,,,,
0860,vraag aan user,190,Slug for item 0860,FALSE,3,     worden.,FALSE,20-01-19 0:00,     worden.,,,,
0860,vraag aan user,190,Slug for item 0860,FALSE,4,   - Aftekenen als tussencontrole,FALSE,20-01-19 0:00,   - Aftekenen als tussencontrole,,,,
0901,TITLE 10,10,Slug for item 0901, - De boren worden aan de onderstukken gelast,1, - De boren worden aan de onderstukken gelast,FALSE,20-01-19 0:00, - De boren worden aan de onderstukken gelast,,,,
0901,TITLE 10,10,Slug for item 0901,FALSE,2,   middels de orderafwikkelingsstaat I +II van,   middels de orderafwikkelingsstaat I +II van,20-01-19 0:00,   middels de orderafwikkelingsstaat I +II van,,,,
0901,TITLE 10,10,Slug for item 0901,FALSE,3,   week : ...........,FALSE,20-01-19 0:00,   week : ...........,,,,
0901,TITLE 10,10,Slug for item 0901,FALSE,4, - Materiaal verzamelen volgens de stuklijst,FALSE,20-01-19 0:00, - Materiaal verzamelen volgens de stuklijst,,,,
0901,TITLE 10,10,Slug for item 0901,FALSE,5,   (zie printverslag completeringsopdracht),FALSE,20-01-19 0:00,   (zie printverslag completeringsopdracht),,,,
0901,TITLE 10,10,Slug for item 0901,FALSE,6, - In vlotterzakje verpakken: - 2 vlotters,FALSE,20-01-19 0:00, - In vlotterzakje verpakken: - 2 vlotters,,,,
0901,TITLE 10,10,Slug for item 0901,FALSE,7,                              - 1 pulsklep,FALSE,20-01-19 0:00,                              - 1 pulsklep,,,,
0901,TITLE 10,10,Slug for item 0901,FALSE,8,                              - 2 meetbanden,FALSE,20-01-19 0:00,                              - 2 meetbanden,,,,
0901,TITLE 10,10,Slug for item 0901,FALSE,9,                              - 1 stopwatch,FALSE,20-01-19 0:00,                              - 1 stopwatch,,,,
0901,TITLE 20,20,Slug for item 0901, - Inhoud controleren per set, door derden, en,1, - Inhoud controleren per set, door derden, en,FALSE,20-01-19 0:00, - Inhoud controleren per set, door derden, en,,,,
0901,TITLE 20,20,Slug for item 0901,FALSE,2,   daarna aftekenen op printverslag completerings-,   daarna aftekenen op printverslag completerings-,20-01-19 0:00,   daarna aftekenen op printverslag completerings-,,,,
0901,TITLE 20,20,Slug for item 0901,FALSE,3,   opdracht,FALSE,20-01-19 0:00,   opdracht,,,,
0901,TITLE 20,20,Slug for item 0901,FALSE,4, - Het verzamelde materiaal in de doos inpakken,FALSE,20-01-19 0:00, - Het verzamelde materiaal in de doos inpakken,,,,
0901,TITLE 20,20,Slug for item 0901,FALSE,5, - Inhoud controleren, doos afsluiten m.b.v.,FALSE,20-01-19 0:00, - Inhoud controleren, doos afsluiten m.b.v.,,,,
0901,TITLE 20,20,Slug for item 0901,FALSE,6,   plaktape,FALSE,20-01-19 0:00,   plaktape,,,,
0901,vraag aan user,30,Slug for item 0901, - Controleer of de afmetingen en het gewicht,1, - Controleer of de afmetingen en het gewicht,FALSE,20-01-19 0:00, - Controleer of de afmetingen en het gewicht,,,,
0901,vraag aan user,30,Slug for item 0901,FALSE,2,   welke vermeld staan op de doossticker correct,   welke vermeld staan op de doossticker correct,20-01-19 0:00,   welke vermeld staan op de doossticker correct,,,,
0901,vraag aan user,30,Slug for item 0901,FALSE,3,   zijn, corrigeer deze indien noodzakelijk en,FALSE,20-01-19 0:00,   zijn, corrigeer deze indien noodzakelijk en,,,,
0901,vraag aan user,30,Slug for item 0901,FALSE,4,   vermeld wijzigingen op de W.O.,FALSE,20-01-19 0:00,   vermeld wijzigingen op de W.O.,,,,
0901,vraag aan user,30,Slug for item 0901,FALSE,5, - Vul de doossticker in en plak deze op de,FALSE,20-01-19 0:00, - Vul de doossticker in en plak deze op de,,,,
0901,vraag aan user,30,Slug for item 0901,FALSE,6,   zijkant van de doos,FALSE,20-01-19 0:00,   zijkant van de doos,,,,
0901,vraag aan user,30,Slug for item 0901,FALSE,7, - Sla de standaardverpakking op in ME in de,FALSE,20-01-19 0:00, - Sla de standaardverpakking op in ME in de,,,,
0901,vraag aan user,30,Slug for item 0901,FALSE,8,   juiste stelling  (first-in/first-out),FALSE,20-01-19 0:00,   juiste stelling  (first-in/first-out),,,,
0901,vraag aan user,40,Slug for item 0901, - Vul de inpakdatum en de paraaf weer in op het,1, - Vul de inpakdatum en de paraaf weer in op het,FALSE,20-01-19 0:00, - Vul de inpakdatum en de paraaf weer in op het,,,,
0901,vraag aan user,40,Slug for item 0901,FALSE,2,   printverslag,   printverslag,20-01-19 0:00,   printverslag,,,,
0904,TITLE 10,10,Slug for item 0904, - Materiaal verzamelen volgens het printverslag,1, - Materiaal verzamelen volgens het printverslag,FALSE,20-01-19 0:00, - Materiaal verzamelen volgens het printverslag,,,,
0904,TITLE 10,10,Slug for item 0904,FALSE,2,   completerings opdracht.,   completerings opdracht.,20-01-19 0:00,   completerings opdracht.,,,,
0904,TITLE 10,10,Slug for item 0904,FALSE,3, - Controle van het verzamelde materiaal per set,FALSE,20-01-19 0:00, - Controle van het verzamelde materiaal per set,,,,
0904,TITLE 10,10,Slug for item 0904,FALSE,4,   door derden en laten aftekenen op het print-,FALSE,20-01-19 0:00,   door derden en laten aftekenen op het print-,,,,
0904,TITLE 10,10,Slug for item 0904,FALSE,5,   verslag.,FALSE,20-01-19 0:00,   verslag.,,,,
0904,TITLE 10,10,Slug for item 0904,FALSE,6, - Materiaal in de doos verpakken en opsluiten,FALSE,20-01-19 0:00, - Materiaal in de doos verpakken en opsluiten,,,,
0904,TITLE 10,10,Slug for item 0904,FALSE,7,   mbv. 2 zakken opvulschuim,FALSE,20-01-19 0:00,   mbv. 2 zakken opvulschuim,,,,
0904,TITLE 10,10,Slug for item 0904,FALSE,8, - Doos afsluiten m.b.v. plaktape en staalbanden.,FALSE,20-01-19 0:00, - Doos afsluiten m.b.v. plaktape en staalbanden.,,,,
0904,TITLE 20,20,Slug for item 0904, - Controleer of de afmetingen en het gewicht,1, - Controleer of de afmetingen en het gewicht,FALSE,20-01-19 0:00, - Controleer of de afmetingen en het gewicht,,,,
0904,TITLE 20,20,Slug for item 0904,FALSE,2,   correct zijn, corrigeer deze indien nodig en,   correct zijn, corrigeer deze indien nodig en,20-01-19 0:00,   correct zijn, corrigeer deze indien nodig en,,,,
0904,TITLE 20,20,Slug for item 0904,FALSE,3,   vermeld wijzigingen op de P.O.,FALSE,20-01-19 0:00,   vermeld wijzigingen op de P.O.,,,,
0904,TITLE 20,20,Slug for item 0904,FALSE,4, - Print een sticker uit, en plak deze op de zij-,FALSE,20-01-19 0:00, - Print een sticker uit, en plak deze op de zij-,,,,
0904,TITLE 20,20,Slug for item 0904,FALSE,5,   kant van de doos.,FALSE,20-01-19 0:00,   kant van de doos.,,,,
0904,vraag aan user,30,Slug for item 0904, - Sla de  standaard verpakking op in LoC, op de,1, - Sla de  standaard verpakking op in LoC, op de,FALSE,20-01-19 0:00, - Sla de  standaard verpakking op in LoC, op de,,,,
0904,vraag aan user,30,Slug for item 0904,FALSE,2,   juiste plaats.( first-in/first-out) !!!,   juiste plaats.( first-in/first-out) !!!,20-01-19 0:00,   juiste plaats.( first-in/first-out) !!!,,,,
0906,TITLE 10,10,Slug for item 0906, - Materiaal verzamelen volgens het printverslag,1, - Materiaal verzamelen volgens het printverslag,FALSE,20-01-19 0:00, - Materiaal verzamelen volgens het printverslag,,,,
0906,TITLE 10,10,Slug for item 0906,FALSE,2,   completeringsopdracht,   completeringsopdracht,20-01-19 0:00,   completeringsopdracht,,,,
0906,TITLE 10,10,Slug for item 0906,FALSE,3, - Controle van het verzamelde materiaal per set,FALSE,20-01-19 0:00, - Controle van het verzamelde materiaal per set,,,,
0906,TITLE 10,10,Slug for item 0906,FALSE,4,   door derden. Aftekenen op printverslag,FALSE,20-01-19 0:00,   door derden. Aftekenen op printverslag,,,,
0906,TITLE 10,10,Slug for item 0906,FALSE,5,   completeringsopdracht,FALSE,20-01-19 0:00,   completeringsopdracht,,,,
0906,TITLE 10,10,Slug for item 0906,FALSE,6, - Materiaal in de kist verpakken,FALSE,20-01-19 0:00, - Materiaal in de kist verpakken,,,,
0906,TITLE 10,10,Slug for item 0906,FALSE,7, - Materiaal opsluiten mbv. folie en opvulschuim,FALSE,20-01-19 0:00, - Materiaal opsluiten mbv. folie en opvulschuim,,,,
0906,TITLE 10,10,Slug for item 0906,FALSE,8,   cq. opvulling holle ruimtes,FALSE,20-01-19 0:00,   cq. opvulling holle ruimtes,,,,
0906,TITLE 20,20,Slug for item 0906, - Controleer of de afmetingen en het gewicht,1, - Controleer of de afmetingen en het gewicht,FALSE,20-01-19 0:00, - Controleer of de afmetingen en het gewicht,,,,
0906,TITLE 20,20,Slug for item 0906,FALSE,2,   correct zijn.,   correct zijn.,20-01-19 0:00,   correct zijn.,,,,
0906,TITLE 20,20,Slug for item 0906,FALSE,3, - Reclame sticker plakken op verpakking,FALSE,20-01-19 0:00, - Reclame sticker plakken op verpakking,,,,
0906,vraag aan user,30,Slug for item 0906, - Print een sticker uit, en plak deze op de,1, - Print een sticker uit, en plak deze op de,FALSE,20-01-19 0:00, - Print een sticker uit, en plak deze op de,,,,
0906,vraag aan user,30,Slug for item 0906,FALSE,2,   bovenkant van de kist,   bovenkant van de kist,20-01-19 0:00,   bovenkant van de kist,,,,
0906,vraag aan user,30,Slug for item 0906,FALSE,3, - Sla de standaardverpakking op in LoC op de,FALSE,20-01-19 0:00, - Sla de standaardverpakking op in LoC op de,,,,
0906,vraag aan user,30,Slug for item 0906,FALSE,4,   juiste plaats (first-in/first-out),FALSE,20-01-19 0:00,   juiste plaats (first-in/first-out),,,,
0906,vraag aan user,30,Slug for item 0906,FALSE,5, - Vul de inpakdatum en de paraaf weer in op het,FALSE,20-01-19 0:00, - Vul de inpakdatum en de paraaf weer in op het,,,,
0906,vraag aan user,30,Slug for item 0906,FALSE,6,   printverslag,FALSE,20-01-19 0:00,   printverslag,,,,
1092,TITLE 20,20,Slug for item 1092, - Compressor aanzetten,1, - Compressor aanzetten,FALSE,20-01-19 0:00, - Compressor aanzetten,,,,
1092,TITLE 20,20,Slug for item 1092,FALSE,2, - Oliepomp aanzetten, - Oliepomp aanzetten,20-01-19 0:00, - Oliepomp aanzetten,,,,
1092,vraag aan user,30,Slug for item 1092, - Oven aanzetten, eerst ventilator dan de brander,1, - Oven aanzetten, eerst ventilator dan de brander,FALSE,20-01-19 0:00, - Oven aanzetten, eerst ventilator dan de brander,,,,
1092,vraag aan user,30,Slug for item 1092,FALSE,2, - Ventilator(en) van de GEVULDE droogcontainer(s), - Ventilator(en) van de GEVULDE droogcontainer(s),20-01-19 0:00, - Ventilator(en) van de GEVULDE droogcontainer(s),,,,
1092,vraag aan user,30,Slug for item 1092,FALSE,3,   aanzetten,FALSE,20-01-19 0:00,   aanzetten,,,,
1092,vraag aan user,40,Slug for item 1092, Indien nodig:,1, Indien nodig:,FALSE,20-01-19 0:00, Indien nodig:,,,,
1092,vraag aan user,40,Slug for item 1092,FALSE,2,   - Bevoorraden bentonietstation met Big Bags,   - Bevoorraden bentonietstation met Big Bags,20-01-19 0:00,   - Bevoorraden bentonietstation met Big Bags,,,,
1092,vraag aan user,40,Slug for item 1092,FALSE,3,   - Aanmaken van slurrie met de mengverhoudingen:,FALSE,20-01-19 0:00,   - Aanmaken van slurrie met de mengverhoudingen:,,,,
1092,vraag aan user,40,Slug for item 1092,FALSE,4,             * 700 liter water,FALSE,20-01-19 0:00,             * 700 liter water,,,,
1092,vraag aan user,40,Slug for item 1092,FALSE,5,             * 175 kilo klei WBB 111,FALSE,20-01-19 0:00,             * 175 kilo klei WBB 111,,,,
1092,vraag aan user,40,Slug for item 1092,FALSE,6,             * 50 kilo bentoniet poeder,FALSE,20-01-19 0:00,             * 50 kilo bentoniet poeder,,,,
1092,vraag aan user,40,Slug for item 1092,FALSE,7,             * 15 kilo Confiber vezels,FALSE,20-01-19 0:00,             * 15 kilo Confiber vezels,,,,
1092,vraag aan user,45,Slug for item 1092, - Hoofdkraan open,1, - Hoofdkraan open,FALSE,20-01-19 0:00, - Hoofdkraan open,,,,
1092,vraag aan user,45,Slug for item 1092,FALSE,2, - Water aanzetten voor snijmachine, - Water aanzetten voor snijmachine,20-01-19 0:00, - Water aanzetten voor snijmachine,,,,
1092,vraag aan user,45,Slug for item 1092,FALSE,3, - Water aanzetten van druppelaar kleipers,FALSE,20-01-19 0:00, - Water aanzetten van druppelaar kleipers,,,,
1092,vraag aan user,45,Slug for item 1092,FALSE,4, - Hogedrukpomp aanzetten,FALSE,20-01-19 0:00, - Hogedrukpomp aanzetten,,,,
1092,vraag aan user,45,Slug for item 1092,FALSE,5, - Lopende banden aanzetten,FALSE,20-01-19 0:00, - Lopende banden aanzetten,,,,
1092,vraag aan user,50,Slug for item 1092, - Kleipers aanzetten,1, - Kleipers aanzetten,FALSE,20-01-19 0:00, - Kleipers aanzetten,,,,
1092,vraag aan user,50,Slug for item 1092,FALSE,2, - Extruder aanzetten en toerental opvoeren naar, - Extruder aanzetten en toerental opvoeren naar,20-01-19 0:00, - Extruder aanzetten en toerental opvoeren naar,,,,
1092,vraag aan user,50,Slug for item 1092,FALSE,3,   maximaal,FALSE,20-01-19 0:00,   maximaal,,,,
1092,vraag aan user,50,Slug for item 1092,FALSE,4, - Slurriepomp en poederdoseur aanzetten volgens de,FALSE,20-01-19 0:00, - Slurriepomp en poederdoseur aanzetten volgens de,,,,
1092,vraag aan user,50,Slug for item 1092,FALSE,5,   verhoudingstabel op instrumentenpaneel,FALSE,20-01-19 0:00,   verhoudingstabel op instrumentenpaneel,,,,
1092,vraag aan user,50,Slug for item 1092,FALSE,6, - Lopende band afregelen op de snelheid van het,FALSE,20-01-19 0:00, - Lopende band afregelen op de snelheid van het,,,,
1092,vraag aan user,50,Slug for item 1092,FALSE,7,   extrudaat,FALSE,20-01-19 0:00,   extrudaat,,,,
1092,,60,Slug for item 1092,0,1,,,20-01-19 0:00,0,,,,
1092,,60,Slug for item 1092,FALSE,2, LET OP ! NETJES stapelen op STEVIGE pallet !!!,,20-01-19 0:00, LET OP ! NETJES stapelen op STEVIGE pallet !!!,,,,
1092,,60,Slug for item 1092,FALSE,3, Afm. 1,2 x 1,2 mtr,,20-01-19 0:00, Afm. 1,2 x 1,2 mtr,,,,
1092,,60,Slug for item 1092,FALSE,4, (Gewicht +/- 1000 kg en gevaarlijk bij omvallen),,20-01-19 0:00, (Gewicht +/- 1000 kg en gevaarlijk bij omvallen),,,,
1092,,60,Slug for item 1092,FALSE,5, - Inpakken van de staven in TWEE lagen van VIER,,20-01-19 0:00, - Inpakken van de staven in TWEE lagen van VIER,,,,
1092,,60,Slug for item 1092,FALSE,6,   staven en omwikkelen met folie in 3 slagen,,20-01-19 0:00,   staven en omwikkelen met folie in 3 slagen,,,,
1092,,60,Slug for item 1092,FALSE,7,   verdeeld over het pakketje,,20-01-19 0:00,   verdeeld over het pakketje,,,,
1092,,65,Slug for item 1092, - Pakketten stickeren 10%,1, - Pakketten stickeren 10%,,20-01-19 0:00, - Pakketten stickeren 10%,,,,
1092,,65,Slug for item 1092,FALSE,2,   (Op elke laag van 10 pakketten 1 sticker),,20-01-19 0:00,   (Op elke laag van 10 pakketten 1 sticker),,,,
1092,,65,Slug for item 1092,FALSE,3, - Stapelen van 100 pakketten op een pallet, 400 m,,20-01-19 0:00, - Stapelen van 100 pakketten op een pallet, 400 m,,,,
1092,,65,Slug for item 1092,FALSE,4,   totaal in 10 lagen van 10 pakketten,,20-01-19 0:00,   totaal in 10 lagen van 10 pakketten,,,,
1092,,70,Slug for item 1092, - Plaats een topvel, zet deze met plakband vast,,1, - Plaats een topvel, zet deze met plakband vast,,,20-01-19 0:00, - Plaats een topvel, zet deze met plakband vast,,,,,
1092,,70,Slug for item 1092,FALSE,2,   sticker de vier kanten van de pallet en omwikkel,,20-01-19 0:00,   sticker de vier kanten van de pallet en omwikkel,,,,
1092,,70,Slug for item 1092,FALSE,3,   de pallet met folie,,20-01-19 0:00,   de pallet met folie,,,,
1092,,70,Slug for item 1092,FALSE,4,,,20-01-19 0:00,0,,,,
1092,,70,Slug for item 1092,FALSE,5, Na produktie:,,20-01-19 0:00, Na produktie:,,,,
1092,,70,Slug for item 1092,FALSE,6, - Brander van de oven uit zetten, ventilator aan,,20-01-19 0:00, - Brander van de oven uit zetten, ventilator aan,,,,
1092,,70,Slug for item 1092,FALSE,7,   laten staan!,,20-01-19 0:00,   laten staan!,,,,
1092,,70,Slug for item 1092,FALSE,8, - Extruder stoppen,,20-01-19 0:00, - Extruder stoppen,,,,
1092,,75,Slug for item 1092, - Kleipers stoppen,1, - Kleipers stoppen,,20-01-19 0:00, - Kleipers stoppen,,,,
1092,,75,Slug for item 1092,FALSE,2, - Oliepomp uitzetten,,20-01-19 0:00, - Oliepomp uitzetten,,,,
1092,,75,Slug for item 1092,FALSE,3, - Hogedrukpomp uitschakelen,,20-01-19 0:00, - Hogedrukpomp uitschakelen,,,,
1092,,75,Slug for item 1092,FALSE,4, - Waterkranen dicht doen (ook de hoofdkraan),,20-01-19 0:00, - Waterkranen dicht doen (ook de hoofdkraan),,,,
1092,,75,Slug for item 1092,FALSE,5, - Compressor uitzetten,,20-01-19 0:00, - Compressor uitzetten,,,,
1092,,80,Slug for item 1092, - Ventilator van de oven uitzetten,1, - Ventilator van de oven uitzetten,,20-01-19 0:00, - Ventilator van de oven uitzetten,,,,
1092,,80,Slug for item 1092,FALSE,2, - Lopende band uitzetten,,20-01-19 0:00, - Lopende band uitzetten,,,,
1092,,80,Slug for item 1092,FALSE,3, - Ventilatoren van de droogcontainers uitzetten,,20-01-19 0:00, - Ventilatoren van de droogcontainers uitzetten,,,,
1092,,80,Slug for item 1092,FALSE,4, - Alles opruimen en afsluiten,,20-01-19 0:00, - Alles opruimen en afsluiten,,,,
1092,,90,Slug for item 1092,0,1,,,20-01-19 0:00,0,,,,
1092,,90,Slug for item 1092,FALSE,2, LET OP ! Tijdens produktie :,,20-01-19 0:00, LET OP ! Tijdens produktie :,,,,
1092,,90,Slug for item 1092,FALSE,3, - Controleren vlgs. controleformulier,,20-01-19 0:00, - Controleren vlgs. controleformulier,,,,
1092,,90,Slug for item 1092,FALSE,4, - Doe 1x per week 1 pakketje met daarop het PO-,,20-01-19 0:00, - Doe 1x per week 1 pakketje met daarop het PO-,,,,
1092,,90,Slug for item 1092,FALSE,5,   nummer naar eindcontrole tbv. zweltest,,20-01-19 0:00,   nummer naar eindcontrole tbv. zweltest,,,,
1092,,90,Slug for item 1092,FALSE,6, - Neem 1 monster van +/- 100 mm en breng daar,,20-01-19 0:00, - Neem 1 monster van +/- 100 mm en breng daar,,,,
1092,,90,Slug for item 1092,FALSE,7,   het PO nummer op aan,,20-01-19 0:00,   het PO nummer op aan,,,,
1092,,90,Slug for item 1092,FALSE,8,   Monsters opslaan in kast,,20-01-19 0:00,   Monsters opslaan in kast,,,,
1092,,100,Slug for item 1092, - Zweltest uitvoeren,1, - Zweltest uitvoeren,,20-01-19 0:00, - Zweltest uitvoeren,,,,
1092,,100,Slug for item 1092,FALSE,2,   De laatste 4 aangebroken pakketten bewaren, het,,20-01-19 0:00,   De laatste 4 aangebroken pakketten bewaren, het,,,,
1092,,100,Slug for item 1092,FALSE,3,   oudste pakket terug naar produktie,,20-01-19 0:00,   oudste pakket terug naar produktie,,,,
1094,,10,Slug for item 1094, - Pos 5 : Stickers aanmaken bij EC (tekstblok 7,,1, - Pos 5 : Stickers aanmaken bij EC (tekstblok 7,,,20-01-19 0:00, - Pos 5 : Stickers aanmaken bij EC (tekstblok 7,,,,,
1094,,10,Slug for item 1094,FALSE,2,   prod.) dus niet via LOC,,20-01-19 0:00,   prod.) dus niet via LOC,,,,
1094,,20,Slug for item 1094, LET OP ! Matrijs Octaeder diam. 38 mm gebruiken,1, LET OP ! Matrijs Octaeder diam. 38 mm gebruiken,,20-01-19 0:00, LET OP ! Matrijs Octaeder diam. 38 mm gebruiken,,,,
1094,,20,Slug for item 1094,FALSE,2,,,20-01-19 0:00,0,,,,
1094,,20,Slug for item 1094,FALSE,3, - Compressor aanzetten,,20-01-19 0:00, - Compressor aanzetten,,,,
1094,,20,Slug for item 1094,FALSE,4, - Oliepomp aanzetten,,20-01-19 0:00, - Oliepomp aanzetten,,,,
1094,,30,Slug for item 1094, - Oven aanzetten, eerst ventilator dan de brander,1, - Oven aanzetten, eerst ventilator dan de brander,,20-01-19 0:00, - Oven aanzetten, eerst ventilator dan de brander,,,,
1094,,30,Slug for item 1094,FALSE,2, - Ventilator(en) van de GEVULDE droogcontainer(s),,20-01-19 0:00, - Ventilator(en) van de GEVULDE droogcontainer(s),,,,
1094,,30,Slug for item 1094,FALSE,3,   aanzetten,,20-01-19 0:00,   aanzetten,,,,
1094,,40,Slug for item 1094, Indien nodig:,1, Indien nodig:,,20-01-19 0:00, Indien nodig:,,,,
1094,,40,Slug for item 1094,FALSE,2,   - Bevoorraden bentonietstation met Big Bag,,20-01-19 0:00,   - Bevoorraden bentonietstation met Big Bag,,,,
1094,,40,Slug for item 1094,FALSE,3,   - Aanmaken van slurrie met de mengverhoudingen:,,20-01-19 0:00,   - Aanmaken van slurrie met de mengverhoudingen:,,,,
1094,,40,Slug for item 1094,FALSE,4,             * 700 liter water,,20-01-19 0:00,             * 700 liter water,,,,
1094,,40,Slug for item 1094,FALSE,5,             * 175 kilo klei WBB 111,,20-01-19 0:00,             * 175 kilo klei WBB 111,,,,
1094,,40,Slug for item 1094,FALSE,6,             * 50 kilo bentoniet poeder,,20-01-19 0:00,             * 50 kilo bentoniet poeder,,,,
1094,,40,Slug for item 1094,FALSE,7,             * 15 kilo Confiber vezels,,20-01-19 0:00,             * 15 kilo Confiber vezels,,,,
1094,,45,Slug for item 1094, - Hoofdkraan open,1, - Hoofdkraan open,,20-01-19 0:00, - Hoofdkraan open,,,,
1094,,45,Slug for item 1094,FALSE,2, - Water aanzetten voor snijmachine,,20-01-19 0:00, - Water aanzetten voor snijmachine,,,,
1094,,45,Slug for item 1094,FALSE,3, - Water aanzetten van druppelaar kleipers,,20-01-19 0:00, - Water aanzetten van druppelaar kleipers,,,,
1094,,45,Slug for item 1094,FALSE,4, - Hogedrukpomp aanzetten,,20-01-19 0:00, - Hogedrukpomp aanzetten,,,,
1094,,45,Slug for item 1094,FALSE,5, - Lopende banden aanzetten,,20-01-19 0:00, - Lopende banden aanzetten,,,,
1094,,50,Slug for item 1094, - Kleipers aanzetten,1, - Kleipers aanzetten,,20-01-19 0:00, - Kleipers aanzetten,,,,
1094,,50,Slug for item 1094,FALSE,2, - Extruder aanzetten en toerental opvoeren naar,,20-01-19 0:00, - Extruder aanzetten en toerental opvoeren naar,,,,
1094,,50,Slug for item 1094,FALSE,3,   maximaal,,20-01-19 0:00,   maximaal,,,,
1094,,50,Slug for item 1094,FALSE,4, - Slurriepomp en poederdoseur aanzetten volgens de,,20-01-19 0:00, - Slurriepomp en poederdoseur aanzetten volgens de,,,,
1094,,50,Slug for item 1094,FALSE,5,   verhoudingstabel op instrumentenpaneel,,20-01-19 0:00,   verhoudingstabel op instrumentenpaneel,,,,
1094,,50,Slug for item 1094,FALSE,6, - Lopende band afregelen op de snelheid van het,,20-01-19 0:00, - Lopende band afregelen op de snelheid van het,,,,
1094,,50,Slug for item 1094,FALSE,7,   extrudaat,,20-01-19 0:00,   extrudaat,,,,
1094,,60,Slug for item 1094," - Staven in karton stapelen vlgs. de ""gevleide""",1," - Staven in karton stapelen vlgs. de ""gevleide""",,20-01-19 0:00," - Staven in karton stapelen vlgs. de ""gevleide""",,,,
1094,,60,Slug for item 1094,FALSE,2,   methode, in vier lagen van vijf staven en daarna,,20-01-19 0:00,   methode, in vier lagen van vijf staven en daarna,,,,
1094,,60,Slug for item 1094,FALSE,3,   omwikkelen met folie in 3 slagen verdeeld over,,20-01-19 0:00,   omwikkelen met folie in 3 slagen verdeeld over,,,,
1094,,60,Slug for item 1094,FALSE,4,   het pakketje,,20-01-19 0:00,   het pakketje,,,,
1094,,60,Slug for item 1094,FALSE,5, - Pakketten stickeren,,20-01-19 0:00, - Pakketten stickeren,,,,
1094,,60,Slug for item 1094,FALSE,6, - Paketten stapelen op Van Gent & Loos pallet,,20-01-19 0:00, - Paketten stapelen op Van Gent & Loos pallet,,,,
1094,,60,Slug for item 1094,FALSE,7,   Per pallet 800 mtr (stevig stapelen),,20-01-19 0:00,   Per pallet 800 mtr (stevig stapelen),,,,
1094,,70,Slug for item 1094,0,1,,,20-01-19 0:00,0,,,,
